,Gene Name,Transcript ID,Mutation ID,Mutation nt,Mutation aa,Mutation Genome Position,Chromosome,Start,End,Strand,Signature-normalized Frequency,Average Mutation Load,Alternative Events,SNP,Conservation,Structure Change Score (remuRNA),Structure Change Significance (RNAsnp),SynMICdb Score
28579,CHEK2,ENST00000328354,COSM35476,c.1176G>T,p.A392A,22:28695793-28695793,chr22,28695793.0,28695793.0,-,40.05,22.0,cassetteExon,no,0.965,6.0,0.0265,11.284
28610,TP53,ENST00000269305,COSM45940,c.375G>T,p.T125T,17:7675994-7675994,chr17,7675994.0,7675994.0,-,16.02,202.0,cassetteExon  strangeSplice,no,0.9520000000000001,2.0,0.889,8.7687
28628,ERG,ENST00000417133,COSM244304,c.1083G>T,p.R361R,21:38383781-38383781,chr21,38383781.0,38383781.0,-,5.34,39.0,,no,0.992,3.0,0.157,8.0774
28647,MLLT3,ENST00000380338,COSM245717,c.501T>C,p.S167S,9:20414345-20414345,chr9,20414345.0,20414345.0,-,42.92,133.0,,yes,0.88,1.0,0.518,7.7076
28688,FOXO3,ENST00000343882,COSM121106,c.1056C>G,p.A352A,6:108663889-108663889,chr6,108663889.0,108663889.0,+,12.7,86.0,,yes,0.7659999999999999,6.0,0.1,7.5777
28698,HIST1H4I,ENST00000354348,COSM3248943,c.213G>C,p.V71V,6:27139521-27139521,chr6,27139521.0,27139521.0,+,2.93,87.0,,no,0.9990000000000001,7.0,0.523,7.1059
28699,CDH11,ENST00000268603,COSM4943164,c.1512A>T,p.P504P,16:64971943-64971943,chr16,64971943.0,64971943.0,-,1.92,13.0,,no,1.0,5.0,0.0856,7.0827
28707,UBA7,ENST00000333486,COSM328559,c.1149G>T,p.L383L,3:49811065-49811065,chr3,49811065.0,49811065.0,-,13.35,59.0,,no,0.8029999999999999,3.0,0.368,7.0235
28716,LSM14A,ENST00000544216,COSM474547,c.801T>G,p.A267A,19:34219410-34219410,chr19,34219410.0,34219410.0,+,3.9,156.0,,no,0.955,10.0,0.263,6.9532
28723,TRIM33,NM_015906,COSM1559266,c.1887C>A,p.P629P,1:114421610-114421610,chr1,114421610.0,114421610.0,-,3.56,84.0,,no,0.997,4.0,0.504,6.9241
28725,NUP214,ENST00000359428,COSM3664165,c.2856C>G,p.A952A,9:131164107-131164107,chr9,131164107.0,131164107.0,+,1.95,60.0,,no,1.0,5.0,0.474,6.8121
28726,APC,ENST00000457016,COSM5008501,c.1548G>A,p.K516K,5:112827247-112827247,chr5,112827247.0,112827247.0,+,0.32,2.0,cassetteExon,no,1.0,4.0,0.292,6.8033
28728,ARID1B,ENST00000275248,COSM3781610,c.768C>A,p.G256G,6:156778871-156778871,chr6,156778871.0,156778871.0,+,3.56,159.0,,no,0.9670000000000001,6.0,0.102,6.8031
28733,ARHGAP26,ENST00000274498,COSM3209588,c.2106T>G,p.V702V,5:143207315-143207315,chr5,143207315.0,143207315.0,+,2.92,76.0,cassetteExon  retainedIntron,no,1.0,5.0,0.555,6.7931
28734,IDH2,ENST00000330062,COSM1638389,c.514A>C,p.R172R,15:90088607-90088607,chr15,90088607.0,90088607.0,-,0.97,,cassetteExon,no,1.0,3.0,0.221,6.7478
28736,PCSK7,ENST00000320934,COSM1159563,c.954C>G,p.G318G,11:117224178-117224178,chr11,117224178.0,117224178.0,-,1.95,37.0,,no,0.973,7.0,0.49200000000000005,6.7002
28742,KRAS,ENST00000311936,COSM253757,c.180T>A,p.G60G,12:25227344-25227344,chr12,25227344.0,25227344.0,-,5.75,191.0,cassetteExon,no,1.0,1.0,0.8109999999999999,6.6737
28744,TAL2,ENST00000334077,COSM4606539,c.34C>A,p.R12R,9:105662530-105662530,chr9,105662530.0,105662530.0,+,1.78,99.0,,no,0.992,6.0,0.525,6.664
28745,DNM2,ENST00000355667,COSM4790408,c.1215G>T,p.P405P,19:10796079-10796079,chr19,10796079.0,10796079.0,+,1.78,109.0,cassetteExon,no,0.98,6.0,0.0112,6.6179
28747,EBF1,ENST00000313708,COSM1619958,c.807G>C,p.P269P,5:158796447-158796447,chr5,158796447.0,158796447.0,-,1.95,41.0,,no,0.981,2.0,0.401,6.585
28750,ELN,ENST00000252034,COSM249745,c.801T>A,p.G267G,7:74051751-74051751,chr7,74051751.0,74051751.0,+,1.92,38.0,,no,1.0,2.0,0.11800000000000001,6.5788
28753,AKAP9,NM_147171.1,COSM1623286,c.1998A>G,p.K666K,7:92001879-92001879,chr7,92001879.0,92001879.0,+,2.63,46.0,,no,0.9359999999999999,6.0,0.233,6.5218
28755,CIC,ENST00000160740,COSM1716219,c.984C>G,p.T328T,19:42288940-42288940,chr19,42288940.0,42288940.0,+,1.95,9.0,,no,0.33,6.0,0.39899999999999997,6.501
28757,TP53,ENST00000269305,COSM46152,c.375G>C,p.T125T,17:7675994-7675994,chr17,7675994.0,7675994.0,-,1.95,89.0,cassetteExon  strangeSplice,no,0.9520000000000001,2.0,0.853,6.4608
28759,CNTRL,ENST00000373855,COSM216831,c.4554C>A,p.I1518I,9:121157797-121157797,chr9,121157797.0,121157797.0,+,1.78,77.0,,no,0.9890000000000001,3.0,0.183,6.4601
28761,ARID1A,ENST00000324856,COSM3711308,c.2073C>A,p.G691G,1:26761008-26761008,chr1,26761008.0,26761008.0,+,1.78,141.0,,no,1.0,7.0,0.762,6.4575
28762,NCOR1,ENST00000268712,COSM3370624,c.4182A>T,p.S1394S,17:16070496-16070496,chr17,16070496.0,16070496.0,-,0.96,4.0,,no,0.9990000000000001,2.0,0.544,6.4447
28763,MAP3K13,ENST00000424227,COSM3373111,c.372C>A,p.G124G,3:185428953-185428953,chr3,185428953.0,185428953.0,+,0.89,21.0,altFivePrime  cassetteExon,no,1.0,10.0,0.289,6.4373
28764,RNF43,ENST00000407977,COSM4791671,c.1611G>T,p.V537V,17:58358165-58358165,chr17,58358165.0,58358165.0,-,1.78,81.0,,no,0.992,7.0,0.727,6.4365
28766,BRAF,ENST00000288602,COSM1167945,c.1074G>C,p.G358G,7:140794374-140794374,chr7,140794374.0,140794374.0,-,0.98,6.0,,no,0.998,2.0,0.231,6.4337
28768,SND1,ENST00000354725,COSM4805577,c.423T>A,p.A141A,7:127698948-127698948,chr7,127698948.0,127698948.0,+,1.92,136.0,,no,0.987,5.0,0.862,6.4219
28769,KDM6A,NM_021140.1,COSM2965472,c.3822C>T,p.S1274S,23:45090808-45090808,chr23,45090808.0,45090808.0,+,0.32,,cassetteExon  strangeSplice,no,0.787,3.0,0.77,6.4193
28771,RALGDS,ENST00000372050,COSM3367620,c.477G>T,p.L159L,9:133110307-133110307,chr9,133110307.0,133110307.0,-,1.78,94.0,,no,0.943,3.0,0.138,6.3943
28773,NR4A3,ENST00000330847,COSM3716182,c.474C>A,p.A158A,9:99828483-99828483,chr9,99828483.0,99828483.0,+,1.78,68.0,,no,0.799,3.0,0.9179999999999999,6.3882
28774,IRF4,ENST00000380956,COSM1754736,c.207G>C,p.A69A,6:393359-393359,chr6,393359.0,393359.0,+,1.95,217.0,cassetteExon,no,0.9940000000000001,8.0,0.888,6.3858
28777,BRAF,ENST00000288602,COSM1757189,c.1338G>C,p.S446S,7:140781670-140781670,chr7,140781670.0,140781670.0,-,1.95,101.0,,no,1.0,2.0,0.15,6.3834
28779,GPHN,ENST00000478722,COSM4788878,c.1299T>G,p.T433T,14:67110145-67110145,chr14,67110145.0,67110145.0,+,1.95,95.0,,no,1.0,8.0,0.192,6.3815
28780,MED12,ENST00000374080,COSM3783616,c.5611C>A,p.R1871R,23:71137246-71137246,chr23,71137246.0,71137246.0,+,0.89,23.0,,no,0.997,5.0,0.326,6.3813
28782,ECT2L,ENST00000367682,COSM1620979,c.763C>A,p.R255R,6:138844579-138844579,chr6,138844579.0,138844579.0,+,1.78,163.0,,no,0.991,7.0,0.18,6.3813
28783,CUX1,ENST00000292535,COSM3669669,c.3951C>A,p.G1317G,7:102248475-102248475,chr7,102248475.0,102248475.0,+,1.78,195.0,,no,0.991,7.0,0.9840000000000001,6.3731
28786,MLL2,ENST00000301067,COSM3710766,c.10575G>T,p.L3525L,12:49034232-49034232,chr12,49034232.0,49034232.0,-,1.78,68.0,,no,1.0,4.0,0.631,6.371
28788,MPL,ENST00000372470,COSM1748454,c.738C>G,p.L246L,1:43340011-43340011,chr1,43340011.0,43340011.0,+,1.95,156.0,,no,0.986,9.0,0.157,6.367999999999999
28790,WIF1,ENST00000286574,COSM1606508,c.847C>A,p.R283R,12:65056106-65056106,chr12,65056106.0,65056106.0,-,1.78,135.0,,no,1.0,10.0,0.545,6.3623
28792,CYLD,ENST00000311559,COSM4956043,c.1221G>T,p.V407V,16:50779747-50779747,chr16,50779747.0,50779747.0,+,1.78,79.0,cassetteExon,no,0.99,6.0,0.573,6.3605
28794,MAFB,ENST00000373313,COSM4789524,c.858G>T,p.R286R,20:40687993-40687993,chr20,40687993.0,40687993.0,-,1.78,146.0,,no,1.0,5.0,0.17,6.3581
28796,MET,ENST00000318493,COSM3662871,c.4119T>A,p.T1373T,7:116796016-116796016,chr7,116796016.0,116796016.0,+,1.92,102.0,,no,0.8420000000000001,5.0,0.0794,6.3481
28800,MLL3,ENST00000355193,COSM3663040,c.2598G>T,p.R866R,7:152238761-152238761,chr7,152238761.0,152238761.0,-,1.78,161.0,cassetteExon,no,1.0,7.0,0.536,6.3392
28798,KMT2C,ENST00000262189,COSM3663041,c.2598G>T,p.R866R,7:152238761-152238761,chr7,152238761.0,152238761.0,-,1.78,161.0,cassetteExon,no,1.0,7.0,0.536,6.3392
28801,RIMS2,ENST00000436393,COSM290337,c.603T>G,p.S201S,8:103885868-103885868,chr8,103885868.0,103885868.0,+,15.59,299.0,,no,0.94,4.0,0.163,6.3337
28817,HOXA13,ENST00000222753,COSM5351760,c.6A>T,p.T2T,7:27200072-27200072,chr7,27200072.0,27200072.0,-,0.96,11.0,altPromoter,no,1.0,2.0,0.315,6.3192
28819,MAST2,ENST00000361297,COSM1738264,c.2199C>G,p.L733L,1:46028914-46028914,chr1,46028914.0,46028914.0,+,4.88,18.0,,no,1.0,3.0,0.631,6.3146
28824,PDE4DIP,ENST00000369354,COSM333611,c.4591C>A,p.R1531R,1:149007376-149007376,chr1,149007376.0,149007376.0,+,1.78,226.0,cassetteExon,no,1.0,8.0,0.19899999999999998,6.3014
28826,TRIM33,NM_015906,COSM1626323,c.2127A>T,p.L709L,1:114410251-114410251,chr1,114410251.0,114410251.0,-,1.92,91.0,,no,1.0,3.0,0.496,6.2806
28829,ESR1,ENST00000440973,COSM1074632,c.1344C>G,p.L448L,6:152061099-152061099,chr6,152061099.0,152061099.0,+,2.93,406.0,,no,1.0,9.0,0.244,6.2735
28830,PDGFRA,ENST00000257290,COSM4803304,c.90C>A,p.I30I,4:54261135-54261135,chr4,54261135.0,54261135.0,+,1.78,103.0,cassetteExon,no,1.0,3.0,0.6459999999999999,6.2596
28833,COL1A1,ENST00000225964,COSM1610447,c.2013C>A,p.G671G,17:50191995-50191995,chr17,50191995.0,50191995.0,-,1.78,120.0,,no,0.9940000000000001,7.0,0.271,6.2589
28834,BCL2,ENST00000398117,COSM220946,c.549G>C,p.R183R,18:63318118-63318118,chr18,63318118.0,63318118.0,-,0.98,10.0,,no,0.988,7.0,0.193,6.2541
28835,KDM6A,NM_021140.1,COSM2965355,c.1818C>T,p.N606N,23:45063712-45063712,chr23,45063712.0,45063712.0,+,0.32,,,no,1.0,0.0,0.821,6.2503
28837,ATP2B3,ENST00000263519,COSM4788578,c.2940G>A,p.Q980Q,23:153560776-153560776,chr23,153560776.0,153560776.0,+,0.65,4.0,,no,1.0,5.0,0.976,6.2498
28838,TET1,ENST00000373644,COSM1288428,c.4279C>A,p.R1427R,10:68651848-68651848,chr10,68651848.0,68651848.0,+,0.89,39.0,,no,1.0,9.0,0.165,6.2477
28839,ZNF384,ENST00000396801,COSM3667203,c.429G>T,p.S143S,12:6678384-6678384,chr12,6678384.0,6678384.0,-,1.78,195.0,altThreePrime,no,0.9990000000000001,4.0,0.135,6.2403
28841,ATR,NM_001184,COSM3373042,c.1609T>C,p.L537L,3:142559374-142559374,chr3,142559374.0,142559374.0,-,0.88,7.0,,no,1.0,4.0,0.813,6.2375
28845,FIP1L1,ENST00000337488,COSM1618905,c.1704T>G,p.S568S,4:53459368-53459368,chr4,53459368.0,53459368.0,+,3.9,216.0,,no,0.9540000000000001,2.0,0.909,6.2322
28846,TIF1,ENST00000415680,COSM5005771,c.1056C>G,p.L352L,7:138538716-138538716,chr7,138538716.0,138538716.0,+,0.98,31.0,,no,0.9990000000000001,9.0,0.319,6.2185
28847,TRIM24,ENST00000343526,COSM5005770,c.1056C>G,p.L352L,7:138538716-138538716,chr7,138538716.0,138538716.0,+,0.98,31.0,,no,0.9990000000000001,9.0,0.319,6.2185
28848,EZH2,ENST00000320356,COSM1622513,c.492G>T,p.G164G,7:148828873-148828873,chr7,148828873.0,148828873.0,-,1.78,163.0,,no,0.782,6.0,0.5670000000000001,6.2175
28850,TCF7L2,ENST00000543371,COSM3367895,c.1156C>A,p.R386R,10:113151879-113151879,chr10,113151879.0,113151879.0,+,0.89,14.0,,no,1.0,2.0,0.882,6.2114
28851,BRAF,ENST00000288602,COSM3374516,c.1377G>C,p.V459V,7:140781631-140781631,chr7,140781631.0,140781631.0,-,0.98,12.0,,no,0.972,3.0,0.5760000000000001,6.1984
28853,BCL10,ENST00000370580,COSM1168686,c.534A>G,p.E178E,1:85267795-85267795,chr1,85267795.0,85267795.0,-,1.75,39.0,,no,0.997,3.0,0.395,6.1979
28860,MLL3,ENST00000355193,COSM1180097,c.1005T>A,p.P335P,7:152273712-152273712,chr7,152273712.0,152273712.0,-,4.79,62.0,,yes,0.9670000000000001,4.0,0.13,6.1891
28854,KMT2C,ENST00000262189,COSM1180098,c.1005T>A,p.P335P,7:152273712-152273712,chr7,152273712.0,152273712.0,-,4.79,62.0,,yes,0.9670000000000001,4.0,0.13,6.1891
28864,HSP90AB1,ENST00000371646,COSM3674719,c.1380C>A,p.S460S,6:44251802-44251802,chr6,44251802.0,44251802.0,+,0.89,35.0,,no,0.946,7.0,0.10300000000000001,6.1719
28866,SRM,ENST00000376957,COSM3704828,c.771G>T,p.T257T,1:11055079-11055079,chr1,11055079.0,11055079.0,-,1.78,2.0,,no,1.0,5.0,0.292,6.1611
28867,MECOM,ENST00000392736,COSM4791080,c.1527C>G,p.L509L,3:169115781-169115781,chr3,169115781.0,169115781.0,-,1.95,63.0,altThreePrime,no,1.0,7.0,0.92,6.1571
28869,MSH2,ENST00000233146,COSM1286279,c.801T>A,p.V267V,2:47414277-47414277,chr2,47414277.0,47414277.0,+,0.96,14.0,,no,1.0,3.0,0.225,6.1566
28870,CADM1,ENST00000452722,COSM346973,c.1029C>A,p.T343T,11:115209623-115209623,chr11,115209623.0,115209623.0,-,13.35,138.0,cassetteExon,no,1.0,3.0,0.723,6.1548
28887,CTNNB1,ENST00000349496,COSM6094,c.93G>T,p.L31L,3:41224605-41224605,chr3,41224605.0,41224605.0,+,2.67,90.0,,no,1.0,3.0,0.79,6.1544
28889,NCOA1,ENST00000406961,COSM3714178,c.1092C>A,p.I364I,2:24705228-24705228,chr2,24705228.0,24705228.0,+,1.78,49.0,,no,1.0,0.0,0.972,6.1321
28890,STRN,ENST00000263918,COSM3372769,c.1644C>G,p.P548P,2:36861157-36861157,chr2,36861157.0,36861157.0,-,0.98,11.0,,no,1.0,4.0,0.812,6.13
28891,PDGFRA,ENST00000257290,COSM80320,c.2121C>A,p.I707I,4:54278480-54278480,chr4,54278480.0,54278480.0,+,0.89,36.0,,no,0.998,4.0,0.531,6.1228
28893,NIN,ENST00000382041,COSM219347,c.5508G>C,p.L1836L,14:50739428-50739428,chr14,50739428.0,50739428.0,-,1.95,124.0,,no,0.841,7.0,0.24100000000000002,6.1139
28897,IDH1,ENST00000345146,COSM1614215,c.765G>T,p.V255V,2:208242079-208242079,chr2,208242079.0,208242079.0,-,1.78,284.0,,no,0.995,5.0,0.0197,6.1137
28894,ATM,ENST00000278616,COSM3737282,c.6936C>A,p.L2312L,11:108326186-108326186,chr11,108326186.0,108326186.0,+,1.78,105.0,,no,0.998,2.0,0.7559999999999999,6.1137
28899,PHOX2B,ENST00000226382,COSM3780286,c.21T>G,p.S7S,4:41748590-41748590,chr4,41748590.0,41748590.0,-,1.95,92.0,,no,1.0,4.0,0.426,6.1134
28900,KDM6A,NM_021140.1,COSM2965340,c.1440C>T,p.L480L,23:45062661-45062661,chr23,45062661.0,45062661.0,+,0.32,,cassetteExon,no,0.991,0.0,0.488,6.1111
28902,FBXW7,ENST00000281708,COSM1753577,c.1311A>T,p.G437G,4:152328315-152328315,chr4,152328315.0,152328315.0,-,1.92,105.0,,no,0.992,4.0,0.179,6.104
28903,DDIT3,ENST00000547303,COSM287986,c.345T>C,p.A115A,12:57516974-57516974,chr12,57516974.0,57516974.0,-,1.75,33.0,,no,0.693,7.0,0.0169,6.1002
28905,NUP155,ENST00000231498,COSM328566,c.2970T>C,p.P990P,5:37305144-37305144,chr5,37305144.0,37305144.0,-,14.01,59.0,,no,0.878,0.0,0.862,6.0952
28921,PALB2,ENST00000261584,COSM302854,c.2916G>T,p.L972L,16:23623049-23623049,chr16,23623049.0,23623049.0,-,0.89,19.0,,no,0.828,4.0,0.691,6.0948
28923,NRG1,ENST00000356819,COSM3395286,c.1182A>G,p.R394R,8:32760305-32760305,chr8,32760305.0,32760305.0,+,1.75,92.0,,no,1.0,7.0,0.109,6.0914
28925,KRAS,ENST00000311936,COSM1605974,c.30A>C,p.G10G,12:25245355-25245355,chr12,25245355.0,25245355.0,-,1.95,129.0,,no,1.0,5.0,0.013999999999999999,6.091
28926,STAT3,ENST00000264657,COSM1288238,c.966G>T,p.V322V,17:42333756-42333756,chr17,42333756.0,42333756.0,-,0.89,36.0,,no,0.9259999999999999,5.0,0.24600000000000002,6.0847
28927,MITF,ENST00000352241,COSM4929015,c.1434C>A,p.I478I,3:69965119-69965119,chr3,69965119.0,69965119.0,+,0.89,48.0,,no,0.998,5.0,0.256,6.0845
28944,ZNF814,ENST00000435989,COSM475394,c.996G>C,p.S332S,19:57874394-57874394,chr19,57874394.0,57874394.0,-,56.66,112.0,bleedingExon  retainedIntron  strangeSplice,yes,0.0,3.0,0.6679999999999999,6.0787
28988,TSC2,ENST00000219476,COSM1609071,c.3093T>A,p.A1031A,16:2079158-2079158,chr16,2079158.0,2079158.0,+,2.88,110.0,bleedingExon,no,0.9470000000000001,1.0,0.203,6.0772
28989,TSHR,ENST00000541158,COSM3370086,c.1407C>A,p.L469L,14:81143465-81143465,chr14,81143465.0,81143465.0,+,0.89,11.0,,no,0.96,3.0,0.37200000000000005,6.075
28991,XPOT,ENST00000332707,COSM468769,c.423C>G,p.L141L,12:64419028-64419028,chr12,64419028.0,64419028.0,+,10.75,432.0,,no,0.9540000000000001,7.0,0.37,6.0736
28990,MUTYH,ENST00000372098,COSM3720059,c.381G>A,p.V127V,1:45333169-45333169,chr1,45333169.0,45333169.0,-,0.32,7.0,cassetteExon  retainedIntron,no,0.9990000000000001,4.0,0.882,6.0736
29002,TMEM216,ENST00000515837,COSM929454,c.138T>G,p.G46G,11:61393885-61393885,chr11,61393885.0,61393885.0,+,22.41,157.0,,yes,0.8440000000000001,4.0,0.76,6.0724
29026,SMARCA4,ENST00000429416,COSM1756978,c.1659C>G,p.L553L,19:10996278-10996278,chr19,10996278.0,10996278.0,+,1.95,49.0,,no,0.004,7.0,0.529,6.0704
