,Donor,chr-pos,n_syn,n_nsyn,n_coding,n_all
0,DO38966,1-0,0,0,0,0
1,DO39910,1-0,0,0,0,0
2,DO40664,1-0,0,0,0,0
3,DO38911,1-0,0,0,0,0
4,DO39127,1-0,0,0,0,1
5,DO39072,1-0,0,0,0,1
6,DO39956,1-0,0,0,0,1
7,DO39070,1-0,0,0,0,1
8,DO219585,1-0,0,0,0,0
9,DO48065,1-0,0,0,0,1
10,DO39062,1-0,0,0,0,0
11,DO48159,1-0,0,0,0,0
12,DO39210,1-0,0,0,0,0
13,DO39306,1-0,0,0,0,0
14,DO39684,1-0,0,0,0,0
15,DO39841,1-0,0,0,0,0
16,DO39084,1-0,0,0,0,0
17,DO48103,1-0,0,0,0,0
18,DO40759,1-0,0,0,0,0
19,DO40147,1-0,0,0,0,0
20,DO40405,1-0,0,0,0,0
21,DO40193,1-0,0,0,0,0
22,DO39886,1-0,0,0,0,2
23,DO40496,1-0,0,0,0,1
24,DO39016,1-0,0,0,0,1
25,DO39481,1-0,0,0,0,0
26,DO40069,1-0,0,0,0,2
27,DO40167,1-0,0,0,0,0
28,DO38899,1-0,0,0,0,0
29,DO48084,1-0,0,0,0,0
30,DO39534,1-0,0,0,0,0
31,DO40274,1-0,0,0,0,0
32,DO38946,1-0,0,0,0,1
33,DO39847,1-0,0,0,0,0
34,DO39798,1-0,0,0,0,0
35,DO39610,1-0,0,0,0,1
36,DO39216,1-0,0,0,0,1
37,DO39363,1-0,0,0,0,0
38,DO38903,1-0,0,0,0,0
39,DO39046,1-0,0,0,0,0
40,DO39564,1-0,0,0,0,0
41,DO40735,1-0,0,0,0,0
42,DO39635,1-0,0,0,0,2
43,DO40484,1-0,0,0,0,0
44,DO39020,1-0,0,0,0,0
45,DO39022,1-0,0,0,0,0
46,DO38978,1-0,0,0,0,0
47,DO38966,1-1,0,0,0,1
48,DO39910,1-1,0,0,0,0
49,DO40664,1-1,0,0,0,0
50,DO38911,1-1,0,0,0,0
51,DO39127,1-1,0,0,0,0
52,DO39072,1-1,0,0,0,1
53,DO39956,1-1,0,0,0,1
54,DO39070,1-1,0,0,0,3
55,DO219585,1-1,0,0,0,1
56,DO48065,1-1,0,0,0,2
57,DO39062,1-1,0,0,0,0
58,DO48159,1-1,0,0,0,1
59,DO39210,1-1,0,0,0,1
60,DO39306,1-1,0,0,0,3
61,DO39684,1-1,0,0,0,1
62,DO39841,1-1,0,0,0,0
63,DO39084,1-1,0,0,0,1
64,DO48103,1-1,0,0,0,0
65,DO40759,1-1,0,0,0,0
66,DO40147,1-1,0,0,0,1
67,DO40405,1-1,0,0,0,1
68,DO40193,1-1,0,0,0,1
69,DO39886,1-1,0,0,0,0
70,DO40496,1-1,0,0,0,1
71,DO39016,1-1,0,0,0,0
72,DO39481,1-1,0,0,0,1
73,DO40069,1-1,0,0,0,1
74,DO40167,1-1,0,0,0,2
75,DO38899,1-1,0,0,0,1
76,DO48084,1-1,0,0,0,0
77,DO39534,1-1,0,0,0,0
78,DO40274,1-1,0,0,0,1
79,DO38946,1-1,0,0,0,1
80,DO39847,1-1,0,0,0,1
81,DO39798,1-1,0,0,0,0
82,DO39610,1-1,0,0,0,1
83,DO39216,1-1,0,0,0,2
84,DO39363,1-1,0,0,0,4
85,DO38903,1-1,0,0,0,0
86,DO39046,1-1,0,0,0,1
87,DO39564,1-1,0,0,0,0
88,DO40735,1-1,0,0,0,0
89,DO39635,1-1,0,0,0,1
90,DO40484,1-1,0,0,0,0
91,DO39020,1-1,0,0,0,1
92,DO39022,1-1,0,0,0,1
93,DO38978,1-1,0,0,0,0
94,DO38966,1-2,0,0,0,0
95,DO39910,1-2,0,0,0,1
96,DO40664,1-2,0,0,0,0
97,DO38911,1-2,0,0,0,1
98,DO39127,1-2,0,0,0,0
99,DO39072,1-2,0,0,0,0
100,DO39956,1-2,0,0,0,1
101,DO39070,1-2,0,0,0,3
102,DO219585,1-2,0,0,0,2
103,DO48065,1-2,0,0,0,0
104,DO39062,1-2,0,0,0,0
105,DO48159,1-2,0,0,0,0
106,DO39210,1-2,0,0,0,1
107,DO39306,1-2,0,0,0,0
108,DO39684,1-2,0,0,0,1
109,DO39841,1-2,0,0,0,0
110,DO39084,1-2,0,0,0,0
111,DO48103,1-2,0,0,0,0
112,DO40759,1-2,0,0,0,1
113,DO40147,1-2,1,0,1,1
114,DO40405,1-2,0,0,0,1
115,DO40193,1-2,0,0,0,1
116,DO39886,1-2,0,0,0,0
117,DO40496,1-2,0,0,0,1
118,DO39016,1-2,0,0,0,1
119,DO39481,1-2,0,0,0,2
120,DO40069,1-2,0,0,0,0
121,DO40167,1-2,0,0,0,2
122,DO38899,1-2,0,0,0,0
123,DO48084,1-2,0,0,0,0
124,DO39534,1-2,0,0,0,0
125,DO40274,1-2,0,0,0,0
126,DO38946,1-2,0,0,0,0
127,DO39847,1-2,0,0,0,2
128,DO39798,1-2,0,0,0,0
129,DO39610,1-2,0,0,0,2
130,DO39216,1-2,0,0,0,1
131,DO39363,1-2,0,0,0,0
132,DO38903,1-2,0,0,0,0
133,DO39046,1-2,0,0,0,1
134,DO39564,1-2,0,0,0,0
135,DO40735,1-2,0,0,0,1
136,DO39635,1-2,0,0,0,0
137,DO40484,1-2,0,0,0,1
138,DO39020,1-2,0,0,0,1
139,DO39022,1-2,0,0,0,0
140,DO38978,1-2,0,0,0,0
141,DO38966,1-3,0,0,0,0
142,DO39910,1-3,0,0,0,0
143,DO40664,1-3,0,0,0,0
144,DO38911,1-3,0,0,0,0
145,DO39127,1-3,0,0,0,0
146,DO39072,1-3,0,0,0,0
147,DO39956,1-3,0,0,0,0
148,DO39070,1-3,0,0,0,0
149,DO219585,1-3,0,0,0,1
150,DO48065,1-3,0,0,0,0
151,DO39062,1-3,0,0,0,0
152,DO48159,1-3,0,0,0,1
153,DO39210,1-3,0,0,0,0
154,DO39306,1-3,0,0,0,1
155,DO39684,1-3,0,0,0,1
156,DO39841,1-3,0,0,0,2
157,DO39084,1-3,0,0,0,0
158,DO48103,1-3,0,0,0,0
159,DO40759,1-3,0,0,0,1
160,DO40147,1-3,0,0,0,0
161,DO40405,1-3,0,0,0,1
162,DO40193,1-3,0,0,0,0
163,DO39886,1-3,0,0,0,0
164,DO40496,1-3,0,0,0,0
165,DO39016,1-3,0,0,0,1
166,DO39481,1-3,0,0,0,0
167,DO40069,1-3,0,0,0,2
168,DO40167,1-3,0,0,0,0
169,DO38899,1-3,0,0,0,0
170,DO48084,1-3,0,0,0,0
171,DO39534,1-3,0,0,0,0
172,DO40274,1-3,0,0,0,0
173,DO38946,1-3,0,0,0,0
174,DO39847,1-3,0,0,0,0
175,DO39798,1-3,0,0,0,0
176,DO39610,1-3,0,0,0,1
177,DO39216,1-3,0,0,0,1
178,DO39363,1-3,0,0,0,1
179,DO38903,1-3,0,0,0,0
180,DO39046,1-3,0,0,0,1
181,DO39564,1-3,0,0,0,0
182,DO40735,1-3,0,0,0,0
183,DO39635,1-3,0,0,0,0
184,DO40484,1-3,0,0,0,0
185,DO39020,1-3,0,0,0,3
186,DO39022,1-3,0,0,0,0
187,DO38978,1-3,0,0,0,0
188,DO38966,1-4,0,0,0,0
189,DO39910,1-4,0,0,0,1
190,DO40664,1-4,0,0,0,1
191,DO38911,1-4,0,0,0,1
192,DO39127,1-4,0,0,0,1
193,DO39072,1-4,0,0,0,1
194,DO39956,1-4,0,0,0,0
195,DO39070,1-4,0,0,0,4
196,DO219585,1-4,0,0,0,3
197,DO48065,1-4,0,0,0,2
198,DO39062,1-4,0,0,0,0
199,DO48159,1-4,0,0,0,0
200,DO39210,1-4,0,0,0,0
201,DO39306,1-4,0,0,0,1
202,DO39684,1-4,0,0,0,1
203,DO39841,1-4,0,0,0,3
204,DO39084,1-4,0,0,0,1
205,DO48103,1-4,0,0,0,2
206,DO40759,1-4,0,0,0,0
207,DO40147,1-4,0,0,0,2
208,DO40405,1-4,0,0,0,2
209,DO40193,1-4,0,0,0,0
210,DO39886,1-4,0,0,0,0
211,DO40496,1-4,0,0,0,2
212,DO39016,1-4,0,0,0,2
213,DO39481,1-4,0,0,0,3
214,DO40069,1-4,0,0,0,1
215,DO40167,1-4,0,0,0,0
216,DO38899,1-4,0,0,0,0
217,DO48084,1-4,0,0,0,0
218,DO39534,1-4,0,0,0,0
219,DO40274,1-4,0,0,0,0
220,DO38946,1-4,0,0,0,0
221,DO39847,1-4,0,0,0,3
222,DO39798,1-4,0,0,0,0
223,DO39610,1-4,0,0,0,3
224,DO39216,1-4,0,0,0,0
225,DO39363,1-4,0,0,0,3
226,DO38903,1-4,0,0,0,0
227,DO39046,1-4,0,0,0,0
228,DO39564,1-4,0,0,0,0
229,DO40735,1-4,0,0,0,0
230,DO39635,1-4,0,0,0,1
231,DO40484,1-4,0,0,0,1
232,DO39020,1-4,0,0,0,0
233,DO39022,1-4,0,0,0,0
234,DO38978,1-4,0,0,0,0
235,DO38966,1-5,0,0,0,0
236,DO39910,1-5,0,0,0,0
237,DO40664,1-5,0,0,0,2
238,DO38911,1-5,0,0,0,0
239,DO39127,1-5,0,0,0,1
240,DO39072,1-5,0,0,0,1
241,DO39956,1-5,0,0,0,1
242,DO39070,1-5,0,0,0,0
243,DO219585,1-5,0,0,0,1
244,DO48065,1-5,0,0,0,1
245,DO39062,1-5,0,0,0,0
246,DO48159,1-5,0,0,0,0
247,DO39210,1-5,0,0,0,0
248,DO39306,1-5,0,0,0,0
249,DO39684,1-5,0,0,0,0
250,DO39841,1-5,0,0,0,0
251,DO39084,1-5,0,0,0,1
252,DO48103,1-5,0,0,0,1
253,DO40759,1-5,0,0,0,0
254,DO40147,1-5,0,0,0,1
255,DO40405,1-5,0,0,0,0
256,DO40193,1-5,0,0,0,0
257,DO39886,1-5,0,0,0,1
258,DO40496,1-5,0,0,0,1
259,DO39016,1-5,0,0,0,1
260,DO39481,1-5,0,0,0,2
261,DO40069,1-5,0,0,0,2
262,DO40167,1-5,0,0,0,1
263,DO38899,1-5,0,0,0,1
264,DO48084,1-5,0,0,0,0
265,DO39534,1-5,0,0,0,0
266,DO40274,1-5,0,0,0,0
267,DO38946,1-5,0,0,0,2
268,DO39847,1-5,0,0,0,0
269,DO39798,1-5,0,0,0,1
270,DO39610,1-5,0,0,0,0
271,DO39216,1-5,0,0,0,0
272,DO39363,1-5,0,0,0,0
273,DO38903,1-5,0,0,0,0
274,DO39046,1-5,0,0,0,0
275,DO39564,1-5,0,0,0,0
276,DO40735,1-5,0,0,0,0
277,DO39635,1-5,0,0,0,0
278,DO40484,1-5,0,0,0,0
279,DO39020,1-5,0,0,0,1
280,DO39022,1-5,0,0,0,1
281,DO38978,1-5,0,0,0,0
282,DO38966,1-6,0,0,0,1
283,DO39910,1-6,0,0,0,0
284,DO40664,1-6,0,0,0,0
285,DO38911,1-6,0,0,0,0
286,DO39127,1-6,0,0,0,0
287,DO39072,1-6,0,0,0,1
288,DO39956,1-6,0,0,0,0
289,DO39070,1-6,0,0,0,1
290,DO219585,1-6,0,0,0,1
291,DO48065,1-6,0,0,0,0
292,DO39062,1-6,0,0,0,0
293,DO48159,1-6,0,0,0,0
294,DO39210,1-6,0,0,0,1
295,DO39306,1-6,0,0,0,0
296,DO39684,1-6,0,0,0,0
297,DO39841,1-6,0,0,0,1
298,DO39084,1-6,0,0,0,0
299,DO48103,1-6,0,0,0,0
300,DO40759,1-6,0,0,0,1
301,DO40147,1-6,0,0,0,1
302,DO40405,1-6,0,0,0,0
303,DO40193,1-6,0,0,0,0
304,DO39886,1-6,0,0,0,0
305,DO40496,1-6,0,0,0,0
306,DO39016,1-6,0,0,0,1
307,DO39481,1-6,0,0,0,0
308,DO40069,1-6,0,0,0,0
309,DO40167,1-6,0,0,0,0
310,DO38899,1-6,0,0,0,0
311,DO48084,1-6,0,0,0,1
312,DO39534,1-6,0,0,0,0
313,DO40274,1-6,0,0,0,0
314,DO38946,1-6,0,0,0,0
315,DO39847,1-6,0,0,0,1
316,DO39798,1-6,0,0,0,0
317,DO39610,1-6,0,0,0,0
318,DO39216,1-6,0,0,0,0
319,DO39363,1-6,0,0,0,2
320,DO38903,1-6,0,0,0,0
321,DO39046,1-6,0,0,0,0
322,DO39564,1-6,0,0,0,0
323,DO40735,1-6,0,0,0,0
324,DO39635,1-6,0,0,0,1
325,DO40484,1-6,0,0,0,0
326,DO39020,1-6,0,0,0,0
327,DO39022,1-6,0,0,0,0
328,DO38978,1-6,0,0,0,0
329,DO38966,1-7,0,0,0,1
330,DO39910,1-7,0,0,0,0
331,DO40664,1-7,0,0,0,0
332,DO38911,1-7,0,0,0,0
333,DO39127,1-7,0,0,0,0
334,DO39072,1-7,0,0,0,0
335,DO39956,1-7,0,0,0,0
336,DO39070,1-7,0,0,0,1
337,DO219585,1-7,0,0,0,2
338,DO48065,1-7,0,0,0,0
339,DO39062,1-7,0,0,0,0
340,DO48159,1-7,0,0,0,0
341,DO39210,1-7,0,0,0,0
342,DO39306,1-7,0,0,0,1
343,DO39684,1-7,0,0,0,0
344,DO39841,1-7,0,0,0,0
345,DO39084,1-7,0,0,0,0
346,DO48103,1-7,0,0,0,0
347,DO40759,1-7,0,0,0,0
348,DO40147,1-7,0,0,0,2
349,DO40405,1-7,0,0,0,1
350,DO40193,1-7,0,0,0,0
351,DO39886,1-7,0,0,0,0
352,DO40496,1-7,0,0,0,0
353,DO39016,1-7,0,0,0,0
354,DO39481,1-7,0,0,0,0
355,DO40069,1-7,0,0,0,6
356,DO40167,1-7,0,0,0,0
357,DO38899,1-7,0,0,0,1
358,DO48084,1-7,0,0,0,0
359,DO39534,1-7,0,0,0,0
360,DO40274,1-7,0,0,0,0
361,DO38946,1-7,0,0,0,0
362,DO39847,1-7,0,0,0,1
363,DO39798,1-7,0,0,0,1
364,DO39610,1-7,0,0,0,0
365,DO39216,1-7,0,0,0,0
366,DO39363,1-7,0,0,0,0
367,DO38903,1-7,0,0,0,0
368,DO39046,1-7,0,0,0,0
369,DO39564,1-7,0,0,0,0
370,DO40735,1-7,0,0,0,0
371,DO39635,1-7,0,0,0,0
372,DO40484,1-7,0,0,0,0
373,DO39020,1-7,0,0,0,1
374,DO39022,1-7,0,0,0,0
375,DO38978,1-7,0,0,0,2
376,DO38966,1-8,0,0,0,0
377,DO39910,1-8,0,0,0,1
378,DO40664,1-8,0,0,0,0
379,DO38911,1-8,0,0,0,0
380,DO39127,1-8,0,0,0,0
381,DO39072,1-8,0,0,0,0
382,DO39956,1-8,0,0,0,0
383,DO39070,1-8,0,0,0,0
384,DO219585,1-8,0,0,0,1
385,DO48065,1-8,0,0,0,0
386,DO39062,1-8,0,0,0,0
387,DO48159,1-8,0,0,0,0
388,DO39210,1-8,0,0,0,0
389,DO39306,1-8,0,0,0,0
390,DO39684,1-8,0,0,0,1
391,DO39841,1-8,0,0,0,0
392,DO39084,1-8,0,0,0,0
393,DO48103,1-8,0,0,0,1
394,DO40759,1-8,0,0,0,0
395,DO40147,1-8,0,0,0,0
396,DO40405,1-8,0,0,0,0
397,DO40193,1-8,0,0,0,0
398,DO39886,1-8,0,0,0,1
399,DO40496,1-8,0,0,0,0
400,DO39016,1-8,0,0,0,1
401,DO39481,1-8,0,0,0,2
402,DO40069,1-8,0,0,0,0
403,DO40167,1-8,0,0,0,1
404,DO38899,1-8,0,0,0,0
405,DO48084,1-8,0,0,0,0
406,DO39534,1-8,0,0,0,0
407,DO40274,1-8,0,0,0,0
408,DO38946,1-8,0,0,0,0
409,DO39847,1-8,0,0,0,1
410,DO39798,1-8,0,0,0,0
411,DO39610,1-8,0,0,0,0
412,DO39216,1-8,0,0,0,0
413,DO39363,1-8,0,0,0,0
414,DO38903,1-8,0,0,0,0
415,DO39046,1-8,0,0,0,0
416,DO39564,1-8,0,0,0,0
417,DO40735,1-8,0,0,0,0
418,DO39635,1-8,0,0,0,0
419,DO40484,1-8,0,0,0,0
420,DO39020,1-8,0,0,0,0
421,DO39022,1-8,0,0,0,0
422,DO38978,1-8,0,0,0,2
423,DO38966,1-9,0,0,0,0
424,DO39910,1-9,0,0,0,0
425,DO40664,1-9,0,0,0,0
426,DO38911,1-9,0,0,0,0
427,DO39127,1-9,0,0,0,0
428,DO39072,1-9,0,0,0,0
429,DO39956,1-9,0,0,0,0
430,DO39070,1-9,0,0,0,0
431,DO219585,1-9,0,0,0,0
432,DO48065,1-9,0,0,0,0
433,DO39062,1-9,0,0,0,0
434,DO48159,1-9,0,0,0,0
435,DO39210,1-9,0,0,0,0
436,DO39306,1-9,0,0,0,0
437,DO39684,1-9,0,0,0,0
438,DO39841,1-9,0,0,0,0
439,DO39084,1-9,0,0,0,0
440,DO48103,1-9,0,0,0,0
441,DO40759,1-9,0,0,0,0
442,DO40147,1-9,0,0,0,0
443,DO40405,1-9,0,0,0,0
444,DO40193,1-9,0,0,0,0
445,DO39886,1-9,0,0,0,0
446,DO40496,1-9,0,0,0,1
447,DO39016,1-9,0,0,0,2
448,DO39481,1-9,0,0,0,1
449,DO40069,1-9,0,0,0,0
450,DO40167,1-9,0,0,0,0
451,DO38899,1-9,0,0,0,0
452,DO48084,1-9,0,0,0,1
453,DO39534,1-9,0,0,0,0
454,DO40274,1-9,0,0,0,0
455,DO38946,1-9,0,0,0,0
456,DO39847,1-9,0,0,0,1
457,DO39798,1-9,0,0,0,0
458,DO39610,1-9,0,0,0,1
459,DO39216,1-9,0,0,0,0
460,DO39363,1-9,0,0,0,1
461,DO38903,1-9,0,0,0,0
462,DO39046,1-9,0,0,0,0
463,DO39564,1-9,0,0,0,0
464,DO40735,1-9,0,0,0,0
465,DO39635,1-9,0,0,0,0
466,DO40484,1-9,0,0,0,0
467,DO39020,1-9,0,0,0,1
468,DO39022,1-9,0,0,0,0
469,DO38978,1-9,0,0,0,0
470,DO38966,1-10,0,0,0,0
471,DO39910,1-10,0,0,0,0
472,DO40664,1-10,0,0,0,1
473,DO38911,1-10,0,0,0,2
474,DO39127,1-10,0,0,0,0
475,DO39072,1-10,0,0,0,0
476,DO39956,1-10,0,0,0,1
477,DO39070,1-10,0,0,0,0
478,DO219585,1-10,0,0,0,1
479,DO48065,1-10,0,0,0,0
480,DO39062,1-10,0,0,0,0
481,DO48159,1-10,0,0,0,0
482,DO39210,1-10,0,0,0,1
483,DO39306,1-10,0,0,0,0
484,DO39684,1-10,0,0,0,1
485,DO39841,1-10,0,0,0,0
486,DO39084,1-10,0,0,0,0
487,DO48103,1-10,0,0,0,0
488,DO40759,1-10,0,0,0,0
489,DO40147,1-10,0,0,0,0
490,DO40405,1-10,0,0,0,0
491,DO40193,1-10,0,0,0,0
492,DO39886,1-10,0,0,0,0
493,DO40496,1-10,0,0,0,0
494,DO39016,1-10,0,0,0,0
495,DO39481,1-10,0,1,1,4
496,DO40069,1-10,0,0,0,2
497,DO40167,1-10,0,0,0,0
498,DO38899,1-10,0,0,0,1
499,DO48084,1-10,0,0,0,0
500,DO39534,1-10,0,0,0,0
501,DO40274,1-10,0,0,0,0
502,DO38946,1-10,0,0,0,1
503,DO39847,1-10,0,0,0,3
504,DO39798,1-10,0,0,0,0
505,DO39610,1-10,0,0,0,1
506,DO39216,1-10,0,0,0,1
507,DO39363,1-10,0,0,0,1
508,DO38903,1-10,0,0,0,0
509,DO39046,1-10,0,0,0,1
510,DO39564,1-10,0,0,0,0
511,DO40735,1-10,0,0,0,1
512,DO39635,1-10,0,0,0,0
513,DO40484,1-10,0,0,0,0
514,DO39020,1-10,0,0,0,0
515,DO39022,1-10,0,0,0,0
516,DO38978,1-10,0,0,0,0
517,DO38966,1-11,0,0,0,1
518,DO39910,1-11,0,0,0,2
519,DO40664,1-11,0,0,0,3
520,DO38911,1-11,0,0,0,1
521,DO39127,1-11,0,0,0,0
522,DO39072,1-11,0,0,0,0
523,DO39956,1-11,0,0,0,1
524,DO39070,1-11,0,0,0,0
525,DO219585,1-11,0,0,0,1
526,DO48065,1-11,0,0,0,0
527,DO39062,1-11,0,0,0,0
528,DO48159,1-11,0,0,0,0
529,DO39210,1-11,0,0,0,0
530,DO39306,1-11,0,0,0,0
531,DO39684,1-11,0,0,0,1
532,DO39841,1-11,0,0,0,0
533,DO39084,1-11,0,0,0,0
534,DO48103,1-11,0,0,0,0
535,DO40759,1-11,0,0,0,0
536,DO40147,1-11,0,0,0,0
537,DO40405,1-11,0,0,0,1
538,DO40193,1-11,0,0,0,0
539,DO39886,1-11,0,0,0,1
540,DO40496,1-11,0,0,0,0
541,DO39016,1-11,0,0,0,1
542,DO39481,1-11,0,0,0,0
543,DO40069,1-11,0,0,0,2
544,DO40167,1-11,0,0,0,0
545,DO38899,1-11,0,0,0,1
546,DO48084,1-11,0,0,0,0
547,DO39534,1-11,0,0,0,0
548,DO40274,1-11,0,0,0,1
549,DO38946,1-11,0,0,0,1
550,DO39847,1-11,0,0,0,1
551,DO39798,1-11,0,0,0,0
552,DO39610,1-11,0,0,0,2
553,DO39216,1-11,0,0,0,0
554,DO39363,1-11,0,0,0,3
555,DO38903,1-11,0,0,0,0
556,DO39046,1-11,0,0,0,2
557,DO39564,1-11,0,0,0,0
558,DO40735,1-11,0,0,0,0
559,DO39635,1-11,0,0,0,0
560,DO40484,1-11,0,0,0,1
561,DO39020,1-11,0,0,0,1
562,DO39022,1-11,0,0,0,0
563,DO38978,1-11,0,0,0,0
564,DO38966,1-12,0,0,0,0
565,DO39910,1-12,0,0,0,0
566,DO40664,1-12,0,0,0,0
567,DO38911,1-12,0,0,0,2
568,DO39127,1-12,0,0,0,0
569,DO39072,1-12,0,0,0,0
570,DO39956,1-12,0,0,0,0
571,DO39070,1-12,0,0,0,0
572,DO219585,1-12,0,0,0,4
573,DO48065,1-12,0,0,0,0
574,DO39062,1-12,0,0,0,0
575,DO48159,1-12,0,0,0,0
576,DO39210,1-12,0,0,0,0
577,DO39306,1-12,0,0,0,2
578,DO39684,1-12,0,0,0,0
579,DO39841,1-12,0,0,0,1
580,DO39084,1-12,0,0,0,0
581,DO48103,1-12,0,0,0,0
582,DO40759,1-12,0,0,0,0
583,DO40147,1-12,0,0,0,0
584,DO40405,1-12,0,0,0,0
585,DO40193,1-12,0,0,0,0
586,DO39886,1-12,0,0,0,0
587,DO40496,1-12,0,0,0,0
588,DO39016,1-12,0,0,0,1
589,DO39481,1-12,0,0,0,1
590,DO40069,1-12,0,0,0,0
591,DO40167,1-12,0,0,0,0
592,DO38899,1-12,0,0,0,0
593,DO48084,1-12,0,0,0,0
594,DO39534,1-12,0,0,0,0
595,DO40274,1-12,0,0,0,0
596,DO38946,1-12,0,0,0,0
597,DO39847,1-12,0,0,0,0
598,DO39798,1-12,0,0,0,0
599,DO39610,1-12,0,0,0,0
600,DO39216,1-12,0,0,0,0
601,DO39363,1-12,0,0,0,1
602,DO38903,1-12,0,0,0,0
603,DO39046,1-12,0,0,0,0
604,DO39564,1-12,0,0,0,0
605,DO40735,1-12,0,0,0,0
606,DO39635,1-12,0,0,0,0
607,DO40484,1-12,0,0,0,0
608,DO39020,1-12,0,0,0,0
609,DO39022,1-12,0,0,0,0
610,DO38978,1-12,0,0,0,0
611,DO38966,1-13,0,0,0,0
612,DO39910,1-13,0,0,0,0
613,DO40664,1-13,0,0,0,0
614,DO38911,1-13,0,0,0,1
615,DO39127,1-13,0,0,0,0
616,DO39072,1-13,0,0,0,0
617,DO39956,1-13,0,0,0,0
618,DO39070,1-13,0,0,0,2
619,DO219585,1-13,0,0,0,0
620,DO48065,1-13,0,0,0,0
621,DO39062,1-13,0,0,0,0
622,DO48159,1-13,0,0,0,0
623,DO39210,1-13,0,0,0,0
624,DO39306,1-13,0,0,0,2
625,DO39684,1-13,0,0,0,0
626,DO39841,1-13,0,0,0,0
627,DO39084,1-13,0,0,0,0
628,DO48103,1-13,0,0,0,1
629,DO40759,1-13,0,0,0,0
630,DO40147,1-13,0,0,0,0
631,DO40405,1-13,0,0,0,0
632,DO40193,1-13,0,0,0,0
633,DO39886,1-13,0,0,0,0
634,DO40496,1-13,0,0,0,0
635,DO39016,1-13,0,0,0,0
636,DO39481,1-13,0,0,0,0
637,DO40069,1-13,0,0,0,1
638,DO40167,1-13,0,0,0,0
639,DO38899,1-13,0,0,0,1
640,DO48084,1-13,0,0,0,0
641,DO39534,1-13,0,0,0,0
642,DO40274,1-13,0,0,0,0
643,DO38946,1-13,0,0,0,0
644,DO39847,1-13,0,0,0,1
645,DO39798,1-13,0,0,0,1
646,DO39610,1-13,0,0,0,0
647,DO39216,1-13,0,0,0,0
648,DO39363,1-13,0,0,0,0
649,DO38903,1-13,0,0,0,0
650,DO39046,1-13,0,0,0,0
651,DO39564,1-13,0,0,0,0
652,DO40735,1-13,0,0,0,1
653,DO39635,1-13,0,0,0,1
654,DO40484,1-13,0,0,0,1
655,DO39020,1-13,0,0,0,0
656,DO39022,1-13,0,0,0,0
657,DO38978,1-13,0,0,0,0
658,DO38966,1-14,0,0,0,0
659,DO39910,1-14,0,0,0,0
660,DO40664,1-14,0,0,0,1
661,DO38911,1-14,0,0,0,0
662,DO39127,1-14,0,0,0,0
663,DO39072,1-14,0,0,0,0
664,DO39956,1-14,0,0,0,0
665,DO39070,1-14,0,0,0,1
666,DO219585,1-14,0,0,0,1
667,DO48065,1-14,0,0,0,0
668,DO39062,1-14,0,0,0,0
669,DO48159,1-14,0,0,0,0
670,DO39210,1-14,0,0,0,1
671,DO39306,1-14,0,0,0,0
672,DO39684,1-14,0,0,0,1
673,DO39841,1-14,0,0,0,0
674,DO39084,1-14,0,0,0,0
675,DO48103,1-14,0,0,0,0
676,DO40759,1-14,0,0,0,0
677,DO40147,1-14,0,0,0,1
678,DO40405,1-14,0,0,0,1
679,DO40193,1-14,0,0,0,0
680,DO39886,1-14,0,0,0,1
681,DO40496,1-14,0,0,0,0
682,DO39016,1-14,0,0,0,0
683,DO39481,1-14,0,0,0,0
684,DO40069,1-14,0,0,0,0
685,DO40167,1-14,0,0,0,0
686,DO38899,1-14,0,0,0,1
687,DO48084,1-14,0,0,0,0
688,DO39534,1-14,0,0,0,0
689,DO40274,1-14,0,0,0,0
690,DO38946,1-14,0,0,0,0
691,DO39847,1-14,0,0,0,0
692,DO39798,1-14,0,0,0,0
693,DO39610,1-14,0,0,0,0
694,DO39216,1-14,0,0,0,0
695,DO39363,1-14,0,0,0,0
696,DO38903,1-14,0,0,0,0
697,DO39046,1-14,0,0,0,0
698,DO39564,1-14,0,0,0,0
699,DO40735,1-14,0,0,0,0
700,DO39635,1-14,0,0,0,0
701,DO40484,1-14,0,0,0,0
702,DO39020,1-14,0,0,0,0
703,DO39022,1-14,0,0,0,0
704,DO38978,1-14,0,0,0,0
705,DO38966,1-15,0,0,0,0
706,DO39910,1-15,0,0,0,0
707,DO40664,1-15,0,0,0,0
708,DO38911,1-15,0,0,0,0
709,DO39127,1-15,0,0,0,0
710,DO39072,1-15,0,0,0,0
711,DO39956,1-15,0,0,0,0
712,DO39070,1-15,0,0,0,1
713,DO219585,1-15,0,0,0,0
714,DO48065,1-15,0,0,0,0
715,DO39062,1-15,0,0,0,0
716,DO48159,1-15,0,0,0,0
717,DO39210,1-15,0,0,0,0
718,DO39306,1-15,0,0,0,0
719,DO39684,1-15,0,0,0,0
720,DO39841,1-15,0,0,0,0
721,DO39084,1-15,0,0,0,0
722,DO48103,1-15,0,0,0,1
723,DO40759,1-15,0,0,0,0
724,DO40147,1-15,0,0,0,0
725,DO40405,1-15,0,0,0,0
726,DO40193,1-15,0,0,0,0
727,DO39886,1-15,0,0,0,0
728,DO40496,1-15,0,0,0,0
729,DO39016,1-15,0,0,0,0
730,DO39481,1-15,0,0,0,0
731,DO40069,1-15,0,0,0,1
732,DO40167,1-15,0,0,0,0
733,DO38899,1-15,0,0,0,0
734,DO48084,1-15,0,0,0,0
735,DO39534,1-15,0,0,0,0
736,DO40274,1-15,0,0,0,1
737,DO38946,1-15,0,0,0,0
738,DO39847,1-15,0,0,0,0
739,DO39798,1-15,0,0,0,0
740,DO39610,1-15,0,0,0,1
741,DO39216,1-15,0,0,0,0
742,DO39363,1-15,0,0,0,0
743,DO38903,1-15,0,0,0,0
744,DO39046,1-15,0,0,0,0
745,DO39564,1-15,0,0,0,0
746,DO40735,1-15,0,0,0,0
747,DO39635,1-15,0,0,0,0
748,DO40484,1-15,0,0,0,0
749,DO39020,1-15,0,0,0,0
750,DO39022,1-15,0,0,0,0
751,DO38978,1-15,0,0,0,0
752,DO38966,1-16,0,0,0,0
753,DO39910,1-16,0,0,0,0
754,DO40664,1-16,0,0,0,0
755,DO38911,1-16,0,0,0,0
756,DO39127,1-16,0,0,0,0
757,DO39072,1-16,0,0,0,0
758,DO39956,1-16,0,0,0,0
759,DO39070,1-16,0,0,0,0
760,DO219585,1-16,0,0,0,0
761,DO48065,1-16,0,0,0,0
762,DO39062,1-16,0,0,0,0
763,DO48159,1-16,0,0,0,0
764,DO39210,1-16,0,0,0,0
765,DO39306,1-16,0,0,0,0
766,DO39684,1-16,0,0,0,0
767,DO39841,1-16,0,0,0,0
768,DO39084,1-16,0,0,0,0
769,DO48103,1-16,0,0,0,0
770,DO40759,1-16,0,0,0,0
771,DO40147,1-16,0,0,0,0
772,DO40405,1-16,0,0,0,0
773,DO40193,1-16,0,0,0,0
774,DO39886,1-16,0,0,0,0
775,DO40496,1-16,0,0,0,0
776,DO39016,1-16,0,0,0,0
777,DO39481,1-16,0,0,0,0
778,DO40069,1-16,0,0,0,0
779,DO40167,1-16,0,0,0,0
780,DO38899,1-16,0,0,0,0
781,DO48084,1-16,0,0,0,0
782,DO39534,1-16,0,0,0,0
783,DO40274,1-16,0,0,0,0
784,DO38946,1-16,0,0,0,0
785,DO39847,1-16,0,0,0,0
786,DO39798,1-16,0,0,0,0
787,DO39610,1-16,0,0,0,0
788,DO39216,1-16,0,0,0,0
789,DO39363,1-16,0,0,0,0
790,DO38903,1-16,0,0,0,0
791,DO39046,1-16,0,0,0,0
792,DO39564,1-16,0,0,0,0
793,DO40735,1-16,0,0,0,0
794,DO39635,1-16,0,0,0,0
795,DO40484,1-16,0,0,0,0
796,DO39020,1-16,0,0,0,0
797,DO39022,1-16,0,0,0,0
798,DO38978,1-16,0,0,0,0
799,DO38966,1-17,0,0,0,0
800,DO39910,1-17,0,0,0,0
801,DO40664,1-17,0,0,0,0
802,DO38911,1-17,0,0,0,0
803,DO39127,1-17,0,0,0,0
804,DO39072,1-17,0,0,0,0
805,DO39956,1-17,0,0,0,0
806,DO39070,1-17,0,0,0,0
807,DO219585,1-17,0,0,0,0
808,DO48065,1-17,0,0,0,0
809,DO39062,1-17,0,0,0,0
810,DO48159,1-17,0,0,0,0
811,DO39210,1-17,0,0,0,0
812,DO39306,1-17,0,0,0,0
813,DO39684,1-17,0,0,0,0
814,DO39841,1-17,0,0,0,0
815,DO39084,1-17,0,0,0,0
816,DO48103,1-17,0,0,0,0
817,DO40759,1-17,0,0,0,0
818,DO40147,1-17,0,0,0,0
819,DO40405,1-17,0,0,0,0
820,DO40193,1-17,0,0,0,0
821,DO39886,1-17,0,0,0,0
822,DO40496,1-17,0,0,0,0
823,DO39016,1-17,0,0,0,0
824,DO39481,1-17,0,0,0,0
825,DO40069,1-17,0,0,0,0
826,DO40167,1-17,0,0,0,0
827,DO38899,1-17,0,0,0,0
828,DO48084,1-17,0,0,0,0
829,DO39534,1-17,0,0,0,0
830,DO40274,1-17,0,0,0,0
831,DO38946,1-17,0,0,0,0
832,DO39847,1-17,0,0,0,0
833,DO39798,1-17,0,0,0,0
834,DO39610,1-17,0,0,0,0
835,DO39216,1-17,0,0,0,0
836,DO39363,1-17,0,0,0,0
837,DO38903,1-17,0,0,0,0
838,DO39046,1-17,0,0,0,0
839,DO39564,1-17,0,0,0,0
840,DO40735,1-17,0,0,0,0
841,DO39635,1-17,0,0,0,0
842,DO40484,1-17,0,0,0,0
843,DO39020,1-17,0,0,0,0
844,DO39022,1-17,0,0,0,0
845,DO38978,1-17,0,0,0,0
846,DO38966,1-18,0,0,0,0
847,DO39910,1-18,0,0,0,0
848,DO40664,1-18,0,0,0,0
849,DO38911,1-18,0,0,0,1
850,DO39127,1-18,0,0,0,0
851,DO39072,1-18,0,0,0,0
852,DO39956,1-18,0,0,0,0
853,DO39070,1-18,0,0,0,1
854,DO219585,1-18,0,0,0,0
855,DO48065,1-18,0,0,0,0
856,DO39062,1-18,0,0,0,0
857,DO48159,1-18,0,0,0,0
858,DO39210,1-18,0,0,0,0
859,DO39306,1-18,0,0,0,0
860,DO39684,1-18,0,0,0,0
861,DO39841,1-18,0,0,0,0
862,DO39084,1-18,0,0,0,0
863,DO48103,1-18,0,0,0,0
864,DO40759,1-18,0,0,0,0
865,DO40147,1-18,0,0,0,0
866,DO40405,1-18,0,0,0,0
867,DO40193,1-18,0,0,0,1
868,DO39886,1-18,0,0,0,2
869,DO40496,1-18,0,0,0,0
870,DO39016,1-18,0,0,0,0
871,DO39481,1-18,0,0,0,1
872,DO40069,1-18,0,0,0,2
873,DO40167,1-18,0,0,0,0
874,DO38899,1-18,0,0,0,0
875,DO48084,1-18,0,0,0,0
876,DO39534,1-18,0,0,0,0
877,DO40274,1-18,0,0,0,1
878,DO38946,1-18,0,0,0,0
879,DO39847,1-18,0,0,0,0
880,DO39798,1-18,0,0,0,0
881,DO39610,1-18,0,0,0,0
882,DO39216,1-18,0,0,0,0
883,DO39363,1-18,0,0,0,1
884,DO38903,1-18,0,0,0,0
885,DO39046,1-18,0,0,0,0
886,DO39564,1-18,0,0,0,0
887,DO40735,1-18,0,0,0,0
888,DO39635,1-18,0,0,0,1
889,DO40484,1-18,0,0,0,0
890,DO39020,1-18,0,0,0,0
891,DO39022,1-18,0,0,0,0
892,DO38978,1-18,0,0,0,0
893,DO38966,1-19,0,0,0,1
894,DO39910,1-19,0,0,0,0
895,DO40664,1-19,0,0,0,0
896,DO38911,1-19,0,0,0,2
897,DO39127,1-19,0,0,0,1
898,DO39072,1-19,0,0,0,0
899,DO39956,1-19,0,0,0,0
900,DO39070,1-19,0,0,0,0
901,DO219585,1-19,0,0,0,0
902,DO48065,1-19,0,0,0,0
903,DO39062,1-19,0,0,0,0
904,DO48159,1-19,0,0,0,0
905,DO39210,1-19,0,0,0,0
906,DO39306,1-19,0,0,0,1
907,DO39684,1-19,0,0,0,0
908,DO39841,1-19,0,0,0,0
909,DO39084,1-19,0,0,0,0
910,DO48103,1-19,0,0,0,0
911,DO40759,1-19,0,0,0,0
912,DO40147,1-19,0,0,0,0
913,DO40405,1-19,0,0,0,1
914,DO40193,1-19,0,0,0,0
915,DO39886,1-19,0,0,0,0
916,DO40496,1-19,0,0,0,2
917,DO39016,1-19,0,0,0,1
918,DO39481,1-19,0,0,0,0
919,DO40069,1-19,0,0,0,0
920,DO40167,1-19,0,0,0,2
921,DO38899,1-19,0,0,0,2
922,DO48084,1-19,0,0,0,0
923,DO39534,1-19,0,0,0,0
924,DO40274,1-19,0,0,0,0
925,DO38946,1-19,0,0,0,1
926,DO39847,1-19,0,1,1,2
927,DO39798,1-19,0,0,0,0
928,DO39610,1-19,0,0,0,1
929,DO39216,1-19,0,0,0,0
930,DO39363,1-19,0,0,0,0
931,DO38903,1-19,0,0,0,0
932,DO39046,1-19,0,0,0,0
933,DO39564,1-19,0,0,0,0
934,DO40735,1-19,0,0,0,0
935,DO39635,1-19,0,0,0,0
936,DO40484,1-19,0,0,0,1
937,DO39020,1-19,0,0,0,1
938,DO39022,1-19,0,0,0,0
939,DO38978,1-19,0,0,0,0
940,DO38966,1-20,0,0,0,0
941,DO39910,1-20,0,0,0,0
942,DO40664,1-20,0,0,0,1
943,DO38911,1-20,0,0,0,0
944,DO39127,1-20,0,0,0,0
945,DO39072,1-20,0,0,0,0
946,DO39956,1-20,0,0,0,0
947,DO39070,1-20,0,0,0,0
948,DO219585,1-20,0,0,0,0
949,DO48065,1-20,0,0,0,1
950,DO39062,1-20,0,0,0,0
951,DO48159,1-20,0,0,0,0
952,DO39210,1-20,0,0,0,2
953,DO39306,1-20,0,0,0,0
954,DO39684,1-20,0,0,0,2
955,DO39841,1-20,0,0,0,0
956,DO39084,1-20,0,0,0,0
957,DO48103,1-20,0,0,0,0
958,DO40759,1-20,0,0,0,0
959,DO40147,1-20,0,0,0,0
960,DO40405,1-20,0,0,0,1
961,DO40193,1-20,0,0,0,0
962,DO39886,1-20,0,0,0,0
963,DO40496,1-20,0,0,0,0
964,DO39016,1-20,0,0,0,0
965,DO39481,1-20,0,0,0,2
966,DO40069,1-20,0,0,0,1
967,DO40167,1-20,0,0,0,2
968,DO38899,1-20,0,0,0,0
969,DO48084,1-20,0,0,0,0
970,DO39534,1-20,0,0,0,1
971,DO40274,1-20,0,0,0,0
972,DO38946,1-20,0,0,0,1
973,DO39847,1-20,0,0,0,0
974,DO39798,1-20,0,0,0,0
975,DO39610,1-20,0,0,0,1
976,DO39216,1-20,0,0,0,0
977,DO39363,1-20,0,0,0,0
978,DO38903,1-20,0,0,0,0
979,DO39046,1-20,0,0,0,0
980,DO39564,1-20,0,0,0,0
981,DO40735,1-20,0,0,0,0
982,DO39635,1-20,0,0,0,0
983,DO40484,1-20,0,0,0,0
984,DO39020,1-20,0,0,0,0
985,DO39022,1-20,0,0,0,1
986,DO38978,1-20,0,0,0,0
987,DO38966,1-21,0,0,0,0
988,DO39910,1-21,0,0,0,0
989,DO40664,1-21,0,0,0,0
990,DO38911,1-21,0,0,0,0
991,DO39127,1-21,0,0,0,0
992,DO39072,1-21,0,0,0,0
993,DO39956,1-21,0,0,0,0
994,DO39070,1-21,0,0,0,0
995,DO219585,1-21,0,0,0,0
996,DO48065,1-21,0,0,0,0
997,DO39062,1-21,0,0,0,0
998,DO48159,1-21,0,0,0,1
999,DO39210,1-21,0,0,0,0
1000,DO39306,1-21,0,0,0,0
1001,DO39684,1-21,0,0,0,0
1002,DO39841,1-21,0,0,0,1
1003,DO39084,1-21,0,0,0,0
1004,DO48103,1-21,0,0,0,0
1005,DO40759,1-21,0,0,0,1
1006,DO40147,1-21,0,0,0,0
1007,DO40405,1-21,0,0,0,0
1008,DO40193,1-21,0,1,1,1
1009,DO39886,1-21,0,0,0,0
1010,DO40496,1-21,0,0,0,1
1011,DO39016,1-21,0,0,0,0
1012,DO39481,1-21,0,0,0,0
1013,DO40069,1-21,0,0,0,1
1014,DO40167,1-21,0,0,0,1
1015,DO38899,1-21,0,0,0,0
1016,DO48084,1-21,0,0,0,1
1017,DO39534,1-21,0,0,0,0
1018,DO40274,1-21,0,0,0,0
1019,DO38946,1-21,0,0,0,0
1020,DO39847,1-21,0,0,0,1
1021,DO39798,1-21,0,0,0,0
1022,DO39610,1-21,0,0,0,1
1023,DO39216,1-21,0,0,0,0
1024,DO39363,1-21,0,0,0,0
1025,DO38903,1-21,0,0,0,0
1026,DO39046,1-21,0,0,0,0
1027,DO39564,1-21,0,0,0,0
1028,DO40735,1-21,0,0,0,0
1029,DO39635,1-21,0,0,0,0
1030,DO40484,1-21,0,0,0,0
1031,DO39020,1-21,0,0,0,1
1032,DO39022,1-21,0,0,0,1
1033,DO38978,1-21,0,0,0,0
1034,DO38966,1-22,0,0,0,0
1035,DO39910,1-22,0,0,0,0
1036,DO40664,1-22,0,0,0,0
1037,DO38911,1-22,0,0,0,3
1038,DO39127,1-22,0,0,0,0
1039,DO39072,1-22,0,0,0,1
1040,DO39956,1-22,0,0,0,0
1041,DO39070,1-22,0,0,0,2
1042,DO219585,1-22,0,0,0,0
1043,DO48065,1-22,0,0,0,0
1044,DO39062,1-22,0,0,0,0
1045,DO48159,1-22,0,0,0,1
1046,DO39210,1-22,0,0,0,0
1047,DO39306,1-22,0,0,0,1
1048,DO39684,1-22,0,0,0,0
1049,DO39841,1-22,0,0,0,0
1050,DO39084,1-22,0,0,0,0
1051,DO48103,1-22,0,0,0,1
1052,DO40759,1-22,0,0,0,0
1053,DO40147,1-22,0,0,0,0
1054,DO40405,1-22,0,0,0,0
1055,DO40193,1-22,0,0,0,0
1056,DO39886,1-22,0,0,0,1
1057,DO40496,1-22,0,0,0,1
1058,DO39016,1-22,0,0,0,1
1059,DO39481,1-22,0,0,0,0
1060,DO40069,1-22,0,0,0,3
1061,DO40167,1-22,0,0,0,1
1062,DO38899,1-22,0,0,0,2
1063,DO48084,1-22,0,0,0,0
1064,DO39534,1-22,0,0,0,0
1065,DO40274,1-22,0,0,0,0
1066,DO38946,1-22,0,0,0,0
1067,DO39847,1-22,0,0,0,0
1068,DO39798,1-22,0,0,0,0
1069,DO39610,1-22,0,0,0,1
1070,DO39216,1-22,0,0,0,0
1071,DO39363,1-22,0,0,0,3
1072,DO38903,1-22,0,0,0,0
1073,DO39046,1-22,0,0,0,0
1074,DO39564,1-22,0,0,0,0
1075,DO40735,1-22,0,0,0,0
1076,DO39635,1-22,0,0,0,2
1077,DO40484,1-22,0,0,0,0
1078,DO39020,1-22,0,0,0,1
1079,DO39022,1-22,0,0,0,0
1080,DO38978,1-22,0,0,0,0
1081,DO38966,1-23,0,0,0,0
1082,DO39910,1-23,0,0,0,0
1083,DO40664,1-23,0,0,0,0
1084,DO38911,1-23,0,0,0,1
1085,DO39127,1-23,0,0,0,0
1086,DO39072,1-23,0,0,0,1
1087,DO39956,1-23,0,0,0,0
1088,DO39070,1-23,0,0,0,0
1089,DO219585,1-23,0,0,0,2
1090,DO48065,1-23,0,0,0,2
1091,DO39062,1-23,0,0,0,0
1092,DO48159,1-23,0,0,0,0
1093,DO39210,1-23,0,0,0,2
1094,DO39306,1-23,0,0,0,1
1095,DO39684,1-23,0,0,0,0
1096,DO39841,1-23,0,0,0,0
1097,DO39084,1-23,0,0,0,0
1098,DO48103,1-23,0,0,0,2
1099,DO40759,1-23,0,0,0,1
1100,DO40147,1-23,0,0,0,0
1101,DO40405,1-23,0,0,0,0
1102,DO40193,1-23,0,0,0,1
1103,DO39886,1-23,0,0,0,0
1104,DO40496,1-23,0,0,0,0
1105,DO39016,1-23,0,0,0,2
1106,DO39481,1-23,0,0,0,0
1107,DO40069,1-23,0,0,0,0
1108,DO40167,1-23,0,0,0,1
1109,DO38899,1-23,0,0,0,0
1110,DO48084,1-23,0,0,0,0
1111,DO39534,1-23,0,0,0,0
1112,DO40274,1-23,0,0,0,1
1113,DO38946,1-23,0,0,0,0
1114,DO39847,1-23,0,0,0,0
1115,DO39798,1-23,0,0,0,0
1116,DO39610,1-23,0,0,0,4
1117,DO39216,1-23,0,0,0,0
1118,DO39363,1-23,0,0,0,1
1119,DO38903,1-23,0,0,0,0
1120,DO39046,1-23,0,0,0,0
1121,DO39564,1-23,0,0,0,0
1122,DO40735,1-23,0,0,0,0
1123,DO39635,1-23,0,0,0,0
1124,DO40484,1-23,0,0,0,2
1125,DO39020,1-23,0,0,0,0
1126,DO39022,1-23,0,0,0,1
1127,DO38978,1-23,0,0,0,1
1128,DO38966,1-24,0,0,0,0
1129,DO39910,1-24,0,0,0,0
1130,DO40664,1-24,0,0,0,0
1131,DO38911,1-24,0,0,0,0
1132,DO39127,1-24,0,0,0,0
1133,DO39072,1-24,0,0,0,1
1134,DO39956,1-24,0,0,0,1
1135,DO39070,1-24,0,0,0,0
1136,DO219585,1-24,0,0,0,2
1137,DO48065,1-24,0,0,0,0
1138,DO39062,1-24,0,0,0,0
1139,DO48159,1-24,0,0,0,1
1140,DO39210,1-24,0,0,0,0
1141,DO39306,1-24,0,0,0,0
1142,DO39684,1-24,0,0,0,0
1143,DO39841,1-24,0,0,0,1
1144,DO39084,1-24,0,0,0,2
1145,DO48103,1-24,0,0,0,0
1146,DO40759,1-24,0,0,0,0
1147,DO40147,1-24,0,0,0,0
1148,DO40405,1-24,0,0,0,1
1149,DO40193,1-24,0,0,0,0
1150,DO39886,1-24,0,0,0,0
1151,DO40496,1-24,0,0,0,0
1152,DO39016,1-24,0,0,0,0
1153,DO39481,1-24,0,0,0,1
1154,DO40069,1-24,0,0,0,2
1155,DO40167,1-24,0,0,0,0
1156,DO38899,1-24,0,0,0,2
1157,DO48084,1-24,0,0,0,1
1158,DO39534,1-24,0,0,0,0
1159,DO40274,1-24,0,0,0,0
1160,DO38946,1-24,0,0,0,1
1161,DO39847,1-24,0,0,0,0
1162,DO39798,1-24,0,0,0,0
1163,DO39610,1-24,0,0,0,1
1164,DO39216,1-24,0,0,0,1
1165,DO39363,1-24,0,0,0,1
1166,DO38903,1-24,0,0,0,0
1167,DO39046,1-24,0,0,0,0
1168,DO39564,1-24,0,0,0,0
1169,DO40735,1-24,0,0,0,0
1170,DO39635,1-24,0,0,0,1
1171,DO40484,1-24,0,0,0,0
1172,DO39020,1-24,0,0,0,0
1173,DO39022,1-24,0,0,0,0
1174,DO38978,1-24,0,0,0,0
1175,DO38966,1-25,0,0,0,0
1176,DO39910,1-25,0,0,0,0
1177,DO40664,1-25,0,0,0,1
1178,DO38911,1-25,0,0,0,1
1179,DO39127,1-25,0,0,0,1
1180,DO39072,1-25,0,0,0,0
1181,DO39956,1-25,0,0,0,1
1182,DO39070,1-25,0,0,0,0
1183,DO219585,1-25,0,0,0,2
1184,DO48065,1-25,0,0,0,1
1185,DO39062,1-25,0,0,0,0
1186,DO48159,1-25,0,0,0,2
1187,DO39210,1-25,0,0,0,2
1188,DO39306,1-25,0,0,0,2
1189,DO39684,1-25,0,0,0,4
1190,DO39841,1-25,0,0,0,0
1191,DO39084,1-25,0,0,0,0
1192,DO48103,1-25,0,0,0,1
1193,DO40759,1-25,0,0,0,0
1194,DO40147,1-25,0,0,0,0
1195,DO40405,1-25,0,0,0,0
1196,DO40193,1-25,0,0,0,0
1197,DO39886,1-25,0,0,0,0
1198,DO40496,1-25,0,0,0,2
1199,DO39016,1-25,0,0,0,0
1200,DO39481,1-25,0,0,0,0
1201,DO40069,1-25,0,0,0,0
1202,DO40167,1-25,0,0,0,1
1203,DO38899,1-25,0,0,0,2
1204,DO48084,1-25,0,0,0,0
1205,DO39534,1-25,0,0,0,0
1206,DO40274,1-25,0,0,0,1
1207,DO38946,1-25,0,0,0,0
1208,DO39847,1-25,0,0,0,0
1209,DO39798,1-25,0,0,0,1
1210,DO39610,1-25,0,0,0,2
1211,DO39216,1-25,0,0,0,0
1212,DO39363,1-25,0,0,0,3
1213,DO38903,1-25,0,0,0,0
1214,DO39046,1-25,0,0,0,0
1215,DO39564,1-25,0,0,0,0
1216,DO40735,1-25,0,0,0,0
1217,DO39635,1-25,0,0,0,0
1218,DO40484,1-25,0,0,0,1
1219,DO39020,1-25,0,0,0,1
1220,DO39022,1-25,0,0,0,1
1221,DO38978,1-25,0,0,0,0
1222,DO38966,1-26,0,0,0,0
1223,DO39910,1-26,0,0,0,2
1224,DO40664,1-26,0,0,0,1
1225,DO38911,1-26,0,0,0,1
1226,DO39127,1-26,0,0,0,1
1227,DO39072,1-26,0,0,0,1
1228,DO39956,1-26,0,0,0,0
1229,DO39070,1-26,0,0,0,3
1230,DO219585,1-26,0,0,0,2
1231,DO48065,1-26,0,0,0,1
1232,DO39062,1-26,0,0,0,0
1233,DO48159,1-26,0,0,0,0
1234,DO39210,1-26,0,0,0,1
1235,DO39306,1-26,0,0,0,1
1236,DO39684,1-26,0,0,0,1
1237,DO39841,1-26,0,0,0,1
1238,DO39084,1-26,0,0,0,0
1239,DO48103,1-26,0,0,0,0
1240,DO40759,1-26,0,0,0,0
1241,DO40147,1-26,0,0,0,0
1242,DO40405,1-26,0,0,0,1
1243,DO40193,1-26,0,0,0,0
1244,DO39886,1-26,0,0,0,1
1245,DO40496,1-26,0,0,0,3
1246,DO39016,1-26,0,0,0,1
1247,DO39481,1-26,0,0,0,0
1248,DO40069,1-26,0,0,0,3
1249,DO40167,1-26,0,0,0,1
1250,DO38899,1-26,0,0,0,0
1251,DO48084,1-26,0,0,0,0
1252,DO39534,1-26,0,0,0,1
1253,DO40274,1-26,0,0,0,0
1254,DO38946,1-26,0,0,0,2
1255,DO39847,1-26,0,0,0,0
1256,DO39798,1-26,0,0,0,0
1257,DO39610,1-26,0,0,0,1
1258,DO39216,1-26,0,0,0,1
1259,DO39363,1-26,0,0,0,3
1260,DO38903,1-26,0,0,0,1
1261,DO39046,1-26,0,0,0,1
1262,DO39564,1-26,0,0,0,0
1263,DO40735,1-26,0,0,0,0
1264,DO39635,1-26,0,0,0,2
1265,DO40484,1-26,0,0,0,0
1266,DO39020,1-26,0,0,0,1
1267,DO39022,1-26,0,0,0,0
1268,DO38978,1-26,0,0,0,1
1269,DO38966,1-27,0,0,0,2
1270,DO39910,1-27,0,0,0,0
1271,DO40664,1-27,0,0,0,2
1272,DO38911,1-27,0,0,0,1
1273,DO39127,1-27,0,0,0,1
1274,DO39072,1-27,0,0,0,0
1275,DO39956,1-27,0,0,0,1
1276,DO39070,1-27,0,0,0,0
1277,DO219585,1-27,0,0,0,1
1278,DO48065,1-27,0,0,0,2
1279,DO39062,1-27,0,0,0,0
1280,DO48159,1-27,0,0,0,1
1281,DO39210,1-27,0,0,0,1
1282,DO39306,1-27,0,0,0,0
1283,DO39684,1-27,0,0,0,1
1284,DO39841,1-27,0,0,0,0
1285,DO39084,1-27,0,0,0,0
1286,DO48103,1-27,0,0,0,1
1287,DO40759,1-27,0,0,0,0
1288,DO40147,1-27,0,0,0,1
1289,DO40405,1-27,0,0,0,0
1290,DO40193,1-27,0,0,0,0
1291,DO39886,1-27,0,0,0,1
1292,DO40496,1-27,0,0,0,2
1293,DO39016,1-27,0,0,0,1
1294,DO39481,1-27,0,0,0,0
1295,DO40069,1-27,0,0,0,2
1296,DO40167,1-27,0,0,0,1
1297,DO38899,1-27,0,0,0,0
1298,DO48084,1-27,0,0,0,0
1299,DO39534,1-27,0,0,0,0
1300,DO40274,1-27,0,0,0,3
1301,DO38946,1-27,0,0,0,1
1302,DO39847,1-27,0,0,0,1
1303,DO39798,1-27,0,0,0,1
1304,DO39610,1-27,0,0,0,0
1305,DO39216,1-27,0,0,0,1
1306,DO39363,1-27,0,0,0,3
1307,DO38903,1-27,0,0,0,1
1308,DO39046,1-27,0,0,0,1
1309,DO39564,1-27,0,0,0,0
1310,DO40735,1-27,0,0,0,0
1311,DO39635,1-27,0,0,0,0
1312,DO40484,1-27,0,0,0,0
1313,DO39020,1-27,0,0,0,0
1314,DO39022,1-27,0,0,0,0
1315,DO38978,1-27,0,0,0,0
1316,DO38966,1-28,0,0,0,0
1317,DO39910,1-28,0,0,0,0
1318,DO40664,1-28,0,0,0,1
1319,DO38911,1-28,0,0,0,0
1320,DO39127,1-28,0,0,0,0
1321,DO39072,1-28,0,0,0,1
1322,DO39956,1-28,0,0,0,1
1323,DO39070,1-28,0,0,0,2
1324,DO219585,1-28,0,0,0,1
1325,DO48065,1-28,0,0,0,1
1326,DO39062,1-28,0,0,0,0
1327,DO48159,1-28,0,0,0,0
1328,DO39210,1-28,0,0,0,0
1329,DO39306,1-28,0,0,0,3
1330,DO39684,1-28,0,0,0,0
1331,DO39841,1-28,0,0,0,1
1332,DO39084,1-28,0,0,0,1
1333,DO48103,1-28,0,0,0,0
1334,DO40759,1-28,0,0,0,1
1335,DO40147,1-28,0,0,0,0
1336,DO40405,1-28,0,0,0,0
1337,DO40193,1-28,0,0,0,0
1338,DO39886,1-28,0,0,0,1
1339,DO40496,1-28,0,0,0,1
1340,DO39016,1-28,0,0,0,1
1341,DO39481,1-28,0,0,0,3
1342,DO40069,1-28,0,0,0,1
1343,DO40167,1-28,0,0,0,0
1344,DO38899,1-28,0,0,0,2
1345,DO48084,1-28,0,0,0,0
1346,DO39534,1-28,0,0,0,0
1347,DO40274,1-28,0,0,0,0
1348,DO38946,1-28,0,0,0,0
1349,DO39847,1-28,0,0,0,2
1350,DO39798,1-28,0,0,0,0
1351,DO39610,1-28,0,0,0,1
1352,DO39216,1-28,0,0,0,0
1353,DO39363,1-28,0,0,0,2
1354,DO38903,1-28,0,0,0,0
1355,DO39046,1-28,0,0,0,1
1356,DO39564,1-28,0,0,0,0
1357,DO40735,1-28,0,0,0,0
1358,DO39635,1-28,0,0,0,2
1359,DO40484,1-28,0,0,0,2
1360,DO39020,1-28,0,0,0,1
1361,DO39022,1-28,0,0,0,0
1362,DO38978,1-28,0,0,0,3
1363,DO38966,1-29,0,0,0,0
1364,DO39910,1-29,0,0,0,0
1365,DO40664,1-29,0,0,0,0
1366,DO38911,1-29,0,0,0,0
1367,DO39127,1-29,0,0,0,0
1368,DO39072,1-29,0,0,0,0
1369,DO39956,1-29,0,0,0,0
1370,DO39070,1-29,0,0,0,0
1371,DO219585,1-29,0,0,0,1
1372,DO48065,1-29,0,0,0,0
1373,DO39062,1-29,0,0,0,0
1374,DO48159,1-29,0,0,0,0
1375,DO39210,1-29,0,0,0,0
1376,DO39306,1-29,0,0,0,2
1377,DO39684,1-29,0,0,0,0
1378,DO39841,1-29,0,0,0,0
1379,DO39084,1-29,0,0,0,0
1380,DO48103,1-29,0,0,0,1
1381,DO40759,1-29,0,0,0,0
1382,DO40147,1-29,0,0,0,0
1383,DO40405,1-29,0,0,0,0
1384,DO40193,1-29,0,0,0,0
1385,DO39886,1-29,0,0,0,0
1386,DO40496,1-29,0,0,0,0
1387,DO39016,1-29,0,0,0,0
1388,DO39481,1-29,0,0,0,0
1389,DO40069,1-29,0,0,0,1
1390,DO40167,1-29,0,0,0,0
1391,DO38899,1-29,0,0,0,1
1392,DO48084,1-29,0,0,0,0
1393,DO39534,1-29,0,0,0,0
1394,DO40274,1-29,0,0,0,1
1395,DO38946,1-29,0,0,0,0
1396,DO39847,1-29,0,0,0,0
1397,DO39798,1-29,0,0,0,0
1398,DO39610,1-29,0,0,0,1
1399,DO39216,1-29,0,0,0,1
1400,DO39363,1-29,0,0,0,0
1401,DO38903,1-29,0,0,0,0
1402,DO39046,1-29,0,0,0,0
1403,DO39564,1-29,0,0,0,0
1404,DO40735,1-29,0,0,0,1
1405,DO39635,1-29,0,0,0,0
1406,DO40484,1-29,0,0,0,0
1407,DO39020,1-29,0,0,0,1
1408,DO39022,1-29,0,0,0,0
1409,DO38978,1-29,0,0,0,0
1410,DO38966,1-30,0,0,0,0
1411,DO39910,1-30,0,0,0,1
1412,DO40664,1-30,0,0,0,0
1413,DO38911,1-30,0,0,0,3
1414,DO39127,1-30,0,0,0,0
1415,DO39072,1-30,0,0,0,0
1416,DO39956,1-30,0,0,0,0
1417,DO39070,1-30,0,0,0,1
1418,DO219585,1-30,0,0,0,3
1419,DO48065,1-30,0,0,0,0
1420,DO39062,1-30,0,0,0,0
1421,DO48159,1-30,0,0,0,1
1422,DO39210,1-30,0,0,0,1
1423,DO39306,1-30,0,0,0,0
1424,DO39684,1-30,0,0,0,0
1425,DO39841,1-30,0,0,0,0
1426,DO39084,1-30,0,0,0,1
1427,DO48103,1-30,0,0,0,0
1428,DO40759,1-30,0,0,0,0
1429,DO40147,1-30,0,0,0,0
1430,DO40405,1-30,0,0,0,0
1431,DO40193,1-30,0,0,0,0
1432,DO39886,1-30,0,0,0,0
1433,DO40496,1-30,0,0,0,0
1434,DO39016,1-30,0,0,0,0
1435,DO39481,1-30,0,0,0,0
1436,DO40069,1-30,0,0,0,3
1437,DO40167,1-30,0,0,0,0
1438,DO38899,1-30,0,0,0,2
1439,DO48084,1-30,0,0,0,0
1440,DO39534,1-30,0,0,0,0
1441,DO40274,1-30,0,0,0,0
1442,DO38946,1-30,0,0,0,0
1443,DO39847,1-30,0,0,0,1
1444,DO39798,1-30,0,0,0,1
1445,DO39610,1-30,0,0,0,2
1446,DO39216,1-30,0,0,0,0
1447,DO39363,1-30,0,0,0,1
1448,DO38903,1-30,0,0,0,2
1449,DO39046,1-30,0,0,0,0
1450,DO39564,1-30,0,0,0,0
1451,DO40735,1-30,0,0,0,1
1452,DO39635,1-30,0,0,0,0
1453,DO40484,1-30,0,0,0,0
1454,DO39020,1-30,0,0,0,0
1455,DO39022,1-30,0,0,0,0
1456,DO38978,1-30,0,0,0,0
1457,DO38966,1-31,0,0,0,0
1458,DO39910,1-31,0,0,0,0
1459,DO40664,1-31,0,0,0,0
1460,DO38911,1-31,0,0,0,0
1461,DO39127,1-31,0,0,0,0
1462,DO39072,1-31,0,0,0,1
1463,DO39956,1-31,0,0,0,0
1464,DO39070,1-31,0,0,0,1
1465,DO219585,1-31,0,0,0,0
1466,DO48065,1-31,0,0,0,0
1467,DO39062,1-31,0,0,0,0
1468,DO48159,1-31,0,0,0,0
1469,DO39210,1-31,0,0,0,0
1470,DO39306,1-31,0,0,0,1
1471,DO39684,1-31,0,0,0,0
1472,DO39841,1-31,0,0,0,1
1473,DO39084,1-31,0,0,0,0
1474,DO48103,1-31,0,0,0,1
1475,DO40759,1-31,0,0,0,0
1476,DO40147,1-31,0,0,0,1
1477,DO40405,1-31,0,0,0,1
1478,DO40193,1-31,0,0,0,1
1479,DO39886,1-31,0,0,0,0
1480,DO40496,1-31,0,0,0,0
1481,DO39016,1-31,0,0,0,2
1482,DO39481,1-31,0,0,0,1
1483,DO40069,1-31,0,0,0,0
1484,DO40167,1-31,0,0,0,1
1485,DO38899,1-31,0,0,0,1
1486,DO48084,1-31,0,0,0,0
1487,DO39534,1-31,0,0,0,0
1488,DO40274,1-31,0,0,0,0
1489,DO38946,1-31,0,0,0,0
1490,DO39847,1-31,0,0,0,0
1491,DO39798,1-31,0,0,0,1
1492,DO39610,1-31,0,0,0,0
1493,DO39216,1-31,0,0,0,0
1494,DO39363,1-31,0,0,0,1
1495,DO38903,1-31,0,0,0,0
1496,DO39046,1-31,0,0,0,0
1497,DO39564,1-31,0,0,0,0
1498,DO40735,1-31,0,0,0,0
1499,DO39635,1-31,0,0,0,0
1500,DO40484,1-31,0,0,0,0
1501,DO39020,1-31,0,0,0,0
1502,DO39022,1-31,0,0,0,0
1503,DO38978,1-31,0,0,0,0
1504,DO38966,1-32,0,0,0,1
1505,DO39910,1-32,0,0,0,0
1506,DO40664,1-32,0,0,0,0
1507,DO38911,1-32,0,0,0,0
1508,DO39127,1-32,0,0,0,0
1509,DO39072,1-32,0,0,0,0
1510,DO39956,1-32,0,0,0,0
1511,DO39070,1-32,0,0,0,0
1512,DO219585,1-32,0,0,0,4
1513,DO48065,1-32,0,0,0,0
1514,DO39062,1-32,0,0,0,0
1515,DO48159,1-32,1,0,1,3
1516,DO39210,1-32,0,0,0,1
1517,DO39306,1-32,0,0,0,0
1518,DO39684,1-32,0,0,0,0
1519,DO39841,1-32,0,0,0,1
1520,DO39084,1-32,0,0,0,0
1521,DO48103,1-32,0,0,0,1
1522,DO40759,1-32,0,0,0,0
1523,DO40147,1-32,0,0,0,0
1524,DO40405,1-32,0,0,0,0
1525,DO40193,1-32,0,0,0,0
1526,DO39886,1-32,0,0,0,1
1527,DO40496,1-32,0,0,0,0
1528,DO39016,1-32,0,0,0,1
1529,DO39481,1-32,0,0,0,2
1530,DO40069,1-32,0,0,0,1
1531,DO40167,1-32,0,0,0,0
1532,DO38899,1-32,0,0,0,0
1533,DO48084,1-32,0,0,0,0
1534,DO39534,1-32,0,0,0,0
1535,DO40274,1-32,0,0,0,0
1536,DO38946,1-32,0,0,0,0
1537,DO39847,1-32,0,0,0,0
1538,DO39798,1-32,0,0,0,0
1539,DO39610,1-32,0,0,0,1
1540,DO39216,1-32,0,0,0,0
1541,DO39363,1-32,0,0,0,0
1542,DO38903,1-32,0,0,0,0
1543,DO39046,1-32,0,0,0,0
1544,DO39564,1-32,0,0,0,0
1545,DO40735,1-32,0,0,0,0
1546,DO39635,1-32,0,0,0,2
1547,DO40484,1-32,0,0,0,0
1548,DO39020,1-32,0,0,0,0
1549,DO39022,1-32,0,0,0,0
1550,DO38978,1-32,0,0,0,0
1551,DO38966,1-33,0,0,0,0
1552,DO39910,1-33,0,0,0,0
1553,DO40664,1-33,0,0,0,0
1554,DO38911,1-33,0,0,0,2
1555,DO39127,1-33,0,0,0,0
1556,DO39072,1-33,0,0,0,0
1557,DO39956,1-33,0,0,0,0
1558,DO39070,1-33,0,0,0,1
1559,DO219585,1-33,0,0,0,1
1560,DO48065,1-33,0,0,0,0
1561,DO39062,1-33,0,0,0,1
1562,DO48159,1-33,0,0,0,0
1563,DO39210,1-33,0,0,0,1
1564,DO39306,1-33,0,0,0,0
1565,DO39684,1-33,0,0,0,0
1566,DO39841,1-33,0,0,0,1
1567,DO39084,1-33,0,0,0,0
1568,DO48103,1-33,0,0,0,1
1569,DO40759,1-33,0,0,0,1
1570,DO40147,1-33,0,0,0,0
1571,DO40405,1-33,0,0,0,0
1572,DO40193,1-33,0,0,0,0
1573,DO39886,1-33,0,0,0,0
1574,DO40496,1-33,0,0,0,0
1575,DO39016,1-33,0,0,0,1
1576,DO39481,1-33,0,0,0,1
1577,DO40069,1-33,0,0,0,1
1578,DO40167,1-33,0,0,0,1
1579,DO38899,1-33,0,0,0,0
1580,DO48084,1-33,0,0,0,0
1581,DO39534,1-33,0,0,0,0
1582,DO40274,1-33,0,0,0,0
1583,DO38946,1-33,0,0,0,2
1584,DO39847,1-33,0,0,0,0
1585,DO39798,1-33,0,0,0,0
1586,DO39610,1-33,0,0,0,5
1587,DO39216,1-33,0,0,0,0
1588,DO39363,1-33,0,0,0,1
1589,DO38903,1-33,0,0,0,0
1590,DO39046,1-33,0,0,0,0
1591,DO39564,1-33,0,0,0,0
1592,DO40735,1-33,0,0,0,0
1593,DO39635,1-33,0,0,0,0
1594,DO40484,1-33,0,0,0,0
1595,DO39020,1-33,0,0,0,0
1596,DO39022,1-33,0,0,0,0
1597,DO38978,1-33,0,0,0,0
1598,DO38966,1-34,0,0,0,0
1599,DO39910,1-34,0,0,0,1
1600,DO40664,1-34,0,0,0,0
1601,DO38911,1-34,0,0,0,3
1602,DO39127,1-34,0,0,0,0
1603,DO39072,1-34,0,0,0,0
1604,DO39956,1-34,0,0,0,0
1605,DO39070,1-34,0,0,0,1
1606,DO219585,1-34,0,0,0,1
1607,DO48065,1-34,0,0,0,0
1608,DO39062,1-34,0,0,0,0
1609,DO48159,1-34,0,0,0,0
1610,DO39210,1-34,0,0,0,1
1611,DO39306,1-34,0,0,0,0
1612,DO39684,1-34,0,0,0,0
1613,DO39841,1-34,0,0,0,0
1614,DO39084,1-34,0,0,0,0
1615,DO48103,1-34,0,0,0,0
1616,DO40759,1-34,0,0,0,0
1617,DO40147,1-34,0,0,0,0
1618,DO40405,1-34,0,0,0,0
1619,DO40193,1-34,0,0,0,0
1620,DO39886,1-34,0,0,0,1
1621,DO40496,1-34,0,0,0,0
1622,DO39016,1-34,0,0,0,0
1623,DO39481,1-34,0,0,0,0
1624,DO40069,1-34,0,0,0,2
1625,DO40167,1-34,0,0,0,0
1626,DO38899,1-34,0,0,0,1
1627,DO48084,1-34,0,0,0,0
1628,DO39534,1-34,0,0,0,0
1629,DO40274,1-34,0,0,0,2
1630,DO38946,1-34,0,0,0,0
1631,DO39847,1-34,0,0,0,0
1632,DO39798,1-34,0,0,0,1
1633,DO39610,1-34,0,0,0,3
1634,DO39216,1-34,0,0,0,0
1635,DO39363,1-34,0,0,0,1
1636,DO38903,1-34,0,0,0,0
1637,DO39046,1-34,0,0,0,0
1638,DO39564,1-34,0,0,0,0
1639,DO40735,1-34,0,1,1,1
1640,DO39635,1-34,0,0,0,0
1641,DO40484,1-34,0,0,0,0
1642,DO39020,1-34,0,0,0,1
1643,DO39022,1-34,0,0,0,0
1644,DO38978,1-34,0,0,0,0
1645,DO38966,1-35,0,0,0,0
1646,DO39910,1-35,0,0,0,0
1647,DO40664,1-35,0,0,0,0
1648,DO38911,1-35,0,0,0,0
1649,DO39127,1-35,0,0,0,1
1650,DO39072,1-35,0,0,0,0
1651,DO39956,1-35,0,0,0,0
1652,DO39070,1-35,0,0,0,2
1653,DO219585,1-35,0,0,0,0
1654,DO48065,1-35,0,0,0,0
1655,DO39062,1-35,0,0,0,0
1656,DO48159,1-35,0,0,0,1
1657,DO39210,1-35,0,0,0,2
1658,DO39306,1-35,0,0,0,0
1659,DO39684,1-35,0,0,0,0
1660,DO39841,1-35,0,0,0,0
1661,DO39084,1-35,0,0,0,0
1662,DO48103,1-35,0,0,0,0
1663,DO40759,1-35,0,0,0,0
1664,DO40147,1-35,0,0,0,0
1665,DO40405,1-35,0,0,0,0
1666,DO40193,1-35,0,0,0,0
1667,DO39886,1-35,0,0,0,1
1668,DO40496,1-35,0,0,0,2
1669,DO39016,1-35,0,0,0,2
1670,DO39481,1-35,0,0,0,0
1671,DO40069,1-35,0,0,0,4
1672,DO40167,1-35,0,0,0,2
1673,DO38899,1-35,0,0,0,2
1674,DO48084,1-35,0,0,0,0
1675,DO39534,1-35,0,0,0,0
1676,DO40274,1-35,0,0,0,0
1677,DO38946,1-35,0,0,0,1
1678,DO39847,1-35,0,0,0,0
1679,DO39798,1-35,0,0,0,0
1680,DO39610,1-35,0,0,0,1
1681,DO39216,1-35,0,0,0,1
1682,DO39363,1-35,0,0,0,0
1683,DO38903,1-35,0,0,0,0
1684,DO39046,1-35,0,0,0,0
1685,DO39564,1-35,0,0,0,0
1686,DO40735,1-35,0,0,0,0
1687,DO39635,1-35,0,0,0,1
1688,DO40484,1-35,0,0,0,0
1689,DO39020,1-35,0,0,0,1
1690,DO39022,1-35,0,0,0,0
1691,DO38978,1-35,0,0,0,1
1692,DO38966,1-36,0,0,0,0
1693,DO39910,1-36,0,0,0,0
1694,DO40664,1-36,0,0,0,2
1695,DO38911,1-36,0,0,0,1
1696,DO39127,1-36,0,0,0,0
1697,DO39072,1-36,0,0,0,1
1698,DO39956,1-36,0,0,0,1
1699,DO39070,1-36,0,0,0,1
1700,DO219585,1-36,0,0,0,0
1701,DO48065,1-36,0,0,0,0
1702,DO39062,1-36,0,0,0,0
1703,DO48159,1-36,0,0,0,3
1704,DO39210,1-36,0,0,0,0
1705,DO39306,1-36,0,0,0,1
1706,DO39684,1-36,0,0,0,0
1707,DO39841,1-36,0,0,0,2
1708,DO39084,1-36,0,0,0,1
1709,DO48103,1-36,0,0,0,0
1710,DO40759,1-36,0,0,0,0
1711,DO40147,1-36,0,0,0,0
1712,DO40405,1-36,0,0,0,1
1713,DO40193,1-36,0,0,0,3
1714,DO39886,1-36,0,0,0,0
1715,DO40496,1-36,0,0,0,0
1716,DO39016,1-36,0,0,0,1
1717,DO39481,1-36,0,0,0,2
1718,DO40069,1-36,0,0,0,2
1719,DO40167,1-36,0,0,0,0
1720,DO38899,1-36,0,0,0,4
1721,DO48084,1-36,0,0,0,0
1722,DO39534,1-36,0,0,0,0
1723,DO40274,1-36,0,0,0,0
1724,DO38946,1-36,0,0,0,4
1725,DO39847,1-36,0,0,0,0
1726,DO39798,1-36,0,0,0,0
1727,DO39610,1-36,0,0,0,1
1728,DO39216,1-36,0,0,0,0
1729,DO39363,1-36,0,0,0,2
1730,DO38903,1-36,0,0,0,0
1731,DO39046,1-36,0,0,0,0
1732,DO39564,1-36,0,0,0,0
1733,DO40735,1-36,0,0,0,1
1734,DO39635,1-36,0,0,0,1
1735,DO40484,1-36,0,0,0,1
1736,DO39020,1-36,0,0,0,0
1737,DO39022,1-36,0,0,0,0
1738,DO38978,1-36,0,0,0,0
1739,DO38966,1-37,0,0,0,0
1740,DO39910,1-37,0,0,0,0
1741,DO40664,1-37,0,0,0,0
1742,DO38911,1-37,0,0,0,1
1743,DO39127,1-37,0,0,0,0
1744,DO39072,1-37,0,0,0,0
1745,DO39956,1-37,0,0,0,0
1746,DO39070,1-37,0,0,0,1
1747,DO219585,1-37,0,0,0,0
1748,DO48065,1-37,0,0,0,0
1749,DO39062,1-37,0,0,0,0
1750,DO48159,1-37,0,0,0,0
1751,DO39210,1-37,0,0,0,0
1752,DO39306,1-37,0,0,0,1
1753,DO39684,1-37,0,0,0,1
1754,DO39841,1-37,0,0,0,2
1755,DO39084,1-37,0,0,0,0
1756,DO48103,1-37,0,0,0,0
1757,DO40759,1-37,0,0,0,1
1758,DO40147,1-37,0,0,0,1
1759,DO40405,1-37,0,0,0,1
1760,DO40193,1-37,0,0,0,1
1761,DO39886,1-37,0,0,0,0
1762,DO40496,1-37,0,0,0,0
1763,DO39016,1-37,0,0,0,0
1764,DO39481,1-37,0,0,0,1
1765,DO40069,1-37,0,0,0,1
1766,DO40167,1-37,0,0,0,0
1767,DO38899,1-37,0,0,0,1
1768,DO48084,1-37,0,0,0,0
1769,DO39534,1-37,0,0,0,0
1770,DO40274,1-37,0,0,0,0
1771,DO38946,1-37,0,0,0,0
1772,DO39847,1-37,0,0,0,0
1773,DO39798,1-37,0,0,0,0
1774,DO39610,1-37,0,0,0,1
1775,DO39216,1-37,0,0,0,0
1776,DO39363,1-37,0,0,0,2
1777,DO38903,1-37,0,0,0,0
1778,DO39046,1-37,0,0,0,0
1779,DO39564,1-37,0,0,0,0
1780,DO40735,1-37,0,0,0,0
1781,DO39635,1-37,0,0,0,0
1782,DO40484,1-37,0,0,0,1
1783,DO39020,1-37,0,0,0,0
1784,DO39022,1-37,0,0,0,0
1785,DO38978,1-37,0,0,0,0
1786,DO38966,1-38,0,0,0,2
1787,DO39910,1-38,0,0,0,0
1788,DO40664,1-38,0,0,0,0
1789,DO38911,1-38,0,0,0,0
1790,DO39127,1-38,0,0,0,0
1791,DO39072,1-38,0,0,0,0
1792,DO39956,1-38,0,0,0,2
1793,DO39070,1-38,0,0,0,1
1794,DO219585,1-38,0,0,0,0
1795,DO48065,1-38,0,0,0,0
1796,DO39062,1-38,0,0,0,0
1797,DO48159,1-38,0,0,0,0
1798,DO39210,1-38,0,0,0,0
1799,DO39306,1-38,0,0,0,1
1800,DO39684,1-38,0,0,0,0
1801,DO39841,1-38,0,0,0,0
1802,DO39084,1-38,0,0,0,1
1803,DO48103,1-38,0,0,0,1
1804,DO40759,1-38,0,0,0,0
1805,DO40147,1-38,0,0,0,0
1806,DO40405,1-38,0,0,0,2
1807,DO40193,1-38,0,0,0,1
1808,DO39886,1-38,0,0,0,0
1809,DO40496,1-38,0,0,0,0
1810,DO39016,1-38,0,0,0,4
1811,DO39481,1-38,0,0,0,0
1812,DO40069,1-38,0,0,0,3
1813,DO40167,1-38,0,0,0,1
1814,DO38899,1-38,0,0,0,0
1815,DO48084,1-38,0,0,0,0
1816,DO39534,1-38,0,0,0,0
1817,DO40274,1-38,0,0,0,0
1818,DO38946,1-38,0,0,0,1
1819,DO39847,1-38,0,0,0,0
1820,DO39798,1-38,0,0,0,0
1821,DO39610,1-38,0,0,0,2
1822,DO39216,1-38,0,0,0,1
1823,DO39363,1-38,0,0,0,2
1824,DO38903,1-38,0,0,0,1
1825,DO39046,1-38,0,0,0,0
1826,DO39564,1-38,0,0,0,0
1827,DO40735,1-38,0,0,0,0
1828,DO39635,1-38,0,0,0,0
1829,DO40484,1-38,0,0,0,0
1830,DO39020,1-38,0,0,0,1
1831,DO39022,1-38,0,0,0,0
1832,DO38978,1-38,0,0,0,0
1833,DO38966,1-39,0,0,0,1
1834,DO39910,1-39,0,0,0,0
1835,DO40664,1-39,0,0,0,0
1836,DO38911,1-39,0,0,0,1
1837,DO39127,1-39,0,0,0,0
1838,DO39072,1-39,0,0,0,0
1839,DO39956,1-39,0,0,0,0
1840,DO39070,1-39,0,0,0,0
1841,DO219585,1-39,0,0,0,0
1842,DO48065,1-39,0,0,0,0
1843,DO39062,1-39,0,0,0,0
1844,DO48159,1-39,0,0,0,0
1845,DO39210,1-39,0,0,0,2
1846,DO39306,1-39,0,0,0,0
1847,DO39684,1-39,0,0,0,0
1848,DO39841,1-39,0,0,0,0
1849,DO39084,1-39,0,0,0,1
1850,DO48103,1-39,0,0,0,2
1851,DO40759,1-39,0,0,0,0
1852,DO40147,1-39,0,0,0,0
1853,DO40405,1-39,0,0,0,0
1854,DO40193,1-39,0,0,0,1
1855,DO39886,1-39,0,0,0,0
1856,DO40496,1-39,0,0,0,0
1857,DO39016,1-39,0,0,0,1
1858,DO39481,1-39,0,0,0,1
1859,DO40069,1-39,0,0,0,2
1860,DO40167,1-39,0,0,0,0
1861,DO38899,1-39,0,0,0,1
1862,DO48084,1-39,0,0,0,0
1863,DO39534,1-39,0,0,0,0
1864,DO40274,1-39,0,0,0,1
1865,DO38946,1-39,0,0,0,1
1866,DO39847,1-39,0,0,0,0
1867,DO39798,1-39,0,0,0,2
1868,DO39610,1-39,0,0,0,0
1869,DO39216,1-39,0,0,0,0
1870,DO39363,1-39,0,0,0,1
1871,DO38903,1-39,0,0,0,1
1872,DO39046,1-39,0,0,0,0
1873,DO39564,1-39,0,0,0,0
1874,DO40735,1-39,0,0,0,1
1875,DO39635,1-39,0,0,0,0
1876,DO40484,1-39,0,0,0,0
1877,DO39020,1-39,0,0,0,1
1878,DO39022,1-39,0,0,0,1
1879,DO38978,1-39,0,0,0,0
1880,DO38966,1-40,0,0,0,0
1881,DO39910,1-40,0,0,0,0
1882,DO40664,1-40,0,0,0,2
1883,DO38911,1-40,0,0,0,3
1884,DO39127,1-40,0,0,0,1
1885,DO39072,1-40,0,0,0,0
1886,DO39956,1-40,0,0,0,0
1887,DO39070,1-40,0,0,0,0
1888,DO219585,1-40,0,0,0,0
1889,DO48065,1-40,0,0,0,2
1890,DO39062,1-40,0,0,0,0
1891,DO48159,1-40,0,0,0,0
1892,DO39210,1-40,0,0,0,0
1893,DO39306,1-40,0,0,0,3
1894,DO39684,1-40,0,0,0,0
1895,DO39841,1-40,0,0,0,0
1896,DO39084,1-40,0,0,0,0
1897,DO48103,1-40,0,0,0,0
1898,DO40759,1-40,0,0,0,0
1899,DO40147,1-40,0,0,0,0
1900,DO40405,1-40,0,0,0,0
1901,DO40193,1-40,0,0,0,0
1902,DO39886,1-40,0,0,0,0
1903,DO40496,1-40,0,0,0,2
1904,DO39016,1-40,0,0,0,3
1905,DO39481,1-40,0,0,0,2
1906,DO40069,1-40,0,0,0,0
1907,DO40167,1-40,0,0,0,1
1908,DO38899,1-40,0,0,0,4
1909,DO48084,1-40,0,0,0,0
1910,DO39534,1-40,0,0,0,0
1911,DO40274,1-40,0,0,0,0
1912,DO38946,1-40,0,0,0,0
1913,DO39847,1-40,0,0,0,0
1914,DO39798,1-40,0,0,0,0
1915,DO39610,1-40,0,0,0,1
1916,DO39216,1-40,0,0,0,0
1917,DO39363,1-40,0,0,0,1
1918,DO38903,1-40,0,0,0,0
1919,DO39046,1-40,0,0,0,1
1920,DO39564,1-40,0,0,0,1
1921,DO40735,1-40,0,0,0,0
1922,DO39635,1-40,0,0,0,1
1923,DO40484,1-40,0,0,0,2
1924,DO39020,1-40,0,0,0,0
1925,DO39022,1-40,0,0,0,1
1926,DO38978,1-40,0,0,0,0
1927,DO38966,1-41,0,0,0,0
1928,DO39910,1-41,0,0,0,0
1929,DO40664,1-41,0,0,0,1
1930,DO38911,1-41,0,0,0,1
1931,DO39127,1-41,0,0,0,0
1932,DO39072,1-41,0,0,0,1
1933,DO39956,1-41,0,0,0,1
1934,DO39070,1-41,0,0,0,2
1935,DO219585,1-41,0,0,0,0
1936,DO48065,1-41,0,0,0,1
1937,DO39062,1-41,0,0,0,0
1938,DO48159,1-41,0,0,0,0
1939,DO39210,1-41,0,0,0,0
1940,DO39306,1-41,0,0,0,0
1941,DO39684,1-41,0,0,0,2
1942,DO39841,1-41,0,0,0,1
1943,DO39084,1-41,0,0,0,0
1944,DO48103,1-41,0,0,0,2
1945,DO40759,1-41,0,0,0,0
1946,DO40147,1-41,0,0,0,0
1947,DO40405,1-41,0,0,0,0
1948,DO40193,1-41,0,0,0,0
1949,DO39886,1-41,0,0,0,2
1950,DO40496,1-41,0,0,0,0
1951,DO39016,1-41,0,0,0,1
1952,DO39481,1-41,0,0,0,1
1953,DO40069,1-41,0,0,0,1
1954,DO40167,1-41,0,0,0,0
1955,DO38899,1-41,0,0,0,1
1956,DO48084,1-41,0,0,0,0
1957,DO39534,1-41,0,0,0,0
1958,DO40274,1-41,0,0,0,1
1959,DO38946,1-41,0,0,0,0
1960,DO39847,1-41,0,0,0,2
1961,DO39798,1-41,0,0,0,0
1962,DO39610,1-41,0,0,0,1
1963,DO39216,1-41,0,0,0,0
1964,DO39363,1-41,0,0,0,0
1965,DO38903,1-41,0,0,0,0
1966,DO39046,1-41,0,0,0,0
1967,DO39564,1-41,0,0,0,0
1968,DO40735,1-41,0,0,0,0
1969,DO39635,1-41,0,0,0,1
1970,DO40484,1-41,0,0,0,0
1971,DO39020,1-41,0,0,0,1
1972,DO39022,1-41,0,0,0,0
1973,DO38978,1-41,0,0,0,0
1974,DO38966,1-42,0,0,0,0
1975,DO39910,1-42,0,0,0,0
1976,DO40664,1-42,0,0,0,1
1977,DO38911,1-42,0,0,0,1
1978,DO39127,1-42,0,0,0,1
1979,DO39072,1-42,0,0,0,1
1980,DO39956,1-42,0,0,0,0
1981,DO39070,1-42,0,0,0,1
1982,DO219585,1-42,0,0,0,1
1983,DO48065,1-42,0,0,0,0
1984,DO39062,1-42,0,0,0,0
1985,DO48159,1-42,0,0,0,0
1986,DO39210,1-42,0,0,0,1
1987,DO39306,1-42,0,0,0,0
1988,DO39684,1-42,0,0,0,0
1989,DO39841,1-42,0,0,0,0
1990,DO39084,1-42,0,0,0,0
1991,DO48103,1-42,0,0,0,1
1992,DO40759,1-42,0,0,0,0
1993,DO40147,1-42,0,0,0,0
1994,DO40405,1-42,0,0,0,0
1995,DO40193,1-42,0,0,0,1
1996,DO39886,1-42,0,0,0,0
1997,DO40496,1-42,0,0,0,0
1998,DO39016,1-42,0,0,0,0
1999,DO39481,1-42,0,0,0,2
2000,DO40069,1-42,0,0,0,1
2001,DO40167,1-42,0,0,0,1
2002,DO38899,1-42,0,0,0,0
2003,DO48084,1-42,0,0,0,0
2004,DO39534,1-42,0,0,0,0
2005,DO40274,1-42,0,0,0,1
2006,DO38946,1-42,0,0,0,0
2007,DO39847,1-42,0,0,0,0
2008,DO39798,1-42,0,0,0,1
2009,DO39610,1-42,0,0,0,2
2010,DO39216,1-42,0,0,0,0
2011,DO39363,1-42,0,0,0,0
2012,DO38903,1-42,0,0,0,0
2013,DO39046,1-42,0,0,0,1
2014,DO39564,1-42,0,0,0,0
2015,DO40735,1-42,0,0,0,0
2016,DO39635,1-42,0,0,0,0
2017,DO40484,1-42,0,0,0,0
2018,DO39020,1-42,0,0,0,1
2019,DO39022,1-42,0,0,0,0
2020,DO38978,1-42,0,0,0,0
2021,DO38966,1-43,0,0,0,0
2022,DO39910,1-43,0,0,0,0
2023,DO40664,1-43,0,0,0,0
2024,DO38911,1-43,0,1,1,2
2025,DO39127,1-43,0,0,0,0
2026,DO39072,1-43,0,0,0,0
2027,DO39956,1-43,0,0,0,0
2028,DO39070,1-43,0,0,0,0
2029,DO219585,1-43,0,0,0,2
2030,DO48065,1-43,0,0,0,0
2031,DO39062,1-43,0,0,0,0
2032,DO48159,1-43,0,0,0,0
2033,DO39210,1-43,0,0,0,1
2034,DO39306,1-43,0,0,0,0
2035,DO39684,1-43,0,0,0,0
2036,DO39841,1-43,0,0,0,0
2037,DO39084,1-43,0,0,0,0
2038,DO48103,1-43,0,0,0,0
2039,DO40759,1-43,0,0,0,1
2040,DO40147,1-43,0,0,0,1
2041,DO40405,1-43,0,0,0,0
2042,DO40193,1-43,0,0,0,1
2043,DO39886,1-43,0,0,0,0
2044,DO40496,1-43,0,0,0,1
2045,DO39016,1-43,0,0,0,1
2046,DO39481,1-43,0,0,0,2
2047,DO40069,1-43,0,0,0,0
2048,DO40167,1-43,0,0,0,2
2049,DO38899,1-43,0,0,0,0
2050,DO48084,1-43,0,0,0,0
2051,DO39534,1-43,0,0,0,0
2052,DO40274,1-43,0,0,0,0
2053,DO38946,1-43,0,0,0,0
2054,DO39847,1-43,0,0,0,2
2055,DO39798,1-43,0,0,0,0
2056,DO39610,1-43,0,0,0,1
2057,DO39216,1-43,0,0,0,0
2058,DO39363,1-43,0,0,0,0
2059,DO38903,1-43,0,0,0,0
2060,DO39046,1-43,0,0,0,0
2061,DO39564,1-43,0,0,0,0
2062,DO40735,1-43,0,0,0,0
2063,DO39635,1-43,0,0,0,0
2064,DO40484,1-43,0,0,0,0
2065,DO39020,1-43,0,0,0,0
2066,DO39022,1-43,0,0,0,0
2067,DO38978,1-43,0,0,0,1
2068,DO38966,1-44,0,0,0,1
2069,DO39910,1-44,0,0,0,0
2070,DO40664,1-44,0,0,0,0
2071,DO38911,1-44,0,0,0,2
2072,DO39127,1-44,0,0,0,0
2073,DO39072,1-44,0,0,0,0
2074,DO39956,1-44,0,0,0,0
2075,DO39070,1-44,0,0,0,0
2076,DO219585,1-44,0,0,0,1
2077,DO48065,1-44,0,0,0,1
2078,DO39062,1-44,0,0,0,0
2079,DO48159,1-44,0,0,0,0
2080,DO39210,1-44,0,0,0,0
2081,DO39306,1-44,0,0,0,0
2082,DO39684,1-44,0,0,0,0
2083,DO39841,1-44,0,0,0,0
2084,DO39084,1-44,0,0,0,0
2085,DO48103,1-44,0,0,0,1
2086,DO40759,1-44,0,0,0,0
2087,DO40147,1-44,0,0,0,0
2088,DO40405,1-44,0,0,0,0
2089,DO40193,1-44,0,0,0,0
2090,DO39886,1-44,0,0,0,0
2091,DO40496,1-44,0,0,0,1
2092,DO39016,1-44,0,0,0,2
2093,DO39481,1-44,0,0,0,1
2094,DO40069,1-44,0,0,0,2
2095,DO40167,1-44,0,0,0,1
2096,DO38899,1-44,0,0,0,0
2097,DO48084,1-44,0,0,0,0
2098,DO39534,1-44,0,0,0,0
2099,DO40274,1-44,0,0,0,0
2100,DO38946,1-44,0,0,0,1
2101,DO39847,1-44,0,0,0,1
2102,DO39798,1-44,0,0,0,2
2103,DO39610,1-44,0,0,0,0
2104,DO39216,1-44,0,0,0,0
2105,DO39363,1-44,0,0,0,2
2106,DO38903,1-44,0,0,0,0
2107,DO39046,1-44,0,0,0,0
2108,DO39564,1-44,0,0,0,0
2109,DO40735,1-44,0,0,0,0
2110,DO39635,1-44,0,0,0,2
2111,DO40484,1-44,0,0,0,0
2112,DO39020,1-44,0,0,0,0
2113,DO39022,1-44,0,0,0,0
2114,DO38978,1-44,0,0,0,2
2115,DO38966,1-45,0,0,0,0
2116,DO39910,1-45,0,0,0,0
2117,DO40664,1-45,0,0,0,0
2118,DO38911,1-45,0,0,0,2
2119,DO39127,1-45,0,0,0,0
2120,DO39072,1-45,0,0,0,0
2121,DO39956,1-45,0,0,0,0
2122,DO39070,1-45,0,0,0,0
2123,DO219585,1-45,0,0,0,2
2124,DO48065,1-45,0,0,0,0
2125,DO39062,1-45,0,0,0,0
2126,DO48159,1-45,0,0,0,2
2127,DO39210,1-45,0,0,0,0
2128,DO39306,1-45,0,0,0,0
2129,DO39684,1-45,0,0,0,1
2130,DO39841,1-45,0,0,0,0
2131,DO39084,1-45,0,0,0,0
2132,DO48103,1-45,0,0,0,1
2133,DO40759,1-45,0,0,0,0
2134,DO40147,1-45,0,0,0,0
2135,DO40405,1-45,0,0,0,0
2136,DO40193,1-45,0,0,0,0
2137,DO39886,1-45,0,0,0,1
2138,DO40496,1-45,0,0,0,0
2139,DO39016,1-45,0,0,0,0
2140,DO39481,1-45,0,0,0,1
2141,DO40069,1-45,0,0,0,1
2142,DO40167,1-45,0,0,0,1
2143,DO38899,1-45,0,0,0,0
2144,DO48084,1-45,0,0,0,0
2145,DO39534,1-45,0,0,0,0
2146,DO40274,1-45,0,0,0,0
2147,DO38946,1-45,0,0,0,0
2148,DO39847,1-45,0,0,0,0
2149,DO39798,1-45,0,0,0,0
2150,DO39610,1-45,0,0,0,1
2151,DO39216,1-45,0,0,0,0
2152,DO39363,1-45,0,0,0,2
2153,DO38903,1-45,0,0,0,1
2154,DO39046,1-45,0,0,0,0
2155,DO39564,1-45,0,0,0,0
2156,DO40735,1-45,0,0,0,1
2157,DO39635,1-45,0,0,0,1
2158,DO40484,1-45,0,0,0,1
2159,DO39020,1-45,0,0,0,0
2160,DO39022,1-45,0,0,0,1
2161,DO38978,1-45,0,0,0,1
2162,DO38966,1-46,0,0,0,0
2163,DO39910,1-46,0,0,0,1
2164,DO40664,1-46,0,0,0,1
2165,DO38911,1-46,0,0,0,0
2166,DO39127,1-46,0,0,0,0
2167,DO39072,1-46,0,0,0,0
2168,DO39956,1-46,0,0,0,0
2169,DO39070,1-46,0,0,0,0
2170,DO219585,1-46,0,0,0,0
2171,DO48065,1-46,0,0,0,0
2172,DO39062,1-46,0,0,0,0
2173,DO48159,1-46,0,0,0,1
2174,DO39210,1-46,0,0,0,0
2175,DO39306,1-46,0,0,0,0
2176,DO39684,1-46,0,0,0,0
2177,DO39841,1-46,0,0,0,0
2178,DO39084,1-46,0,0,0,0
2179,DO48103,1-46,0,0,0,1
2180,DO40759,1-46,0,0,0,0
2181,DO40147,1-46,0,0,0,0
2182,DO40405,1-46,0,0,0,0
2183,DO40193,1-46,0,0,0,0
2184,DO39886,1-46,0,0,0,0
2185,DO40496,1-46,0,0,0,0
2186,DO39016,1-46,0,0,0,2
2187,DO39481,1-46,0,0,0,0
2188,DO40069,1-46,0,0,0,1
2189,DO40167,1-46,0,0,0,0
2190,DO38899,1-46,0,0,0,1
2191,DO48084,1-46,0,0,0,1
2192,DO39534,1-46,0,0,0,0
2193,DO40274,1-46,0,0,0,1
2194,DO38946,1-46,0,0,0,0
2195,DO39847,1-46,0,0,0,1
2196,DO39798,1-46,0,0,0,0
2197,DO39610,1-46,0,0,0,1
2198,DO39216,1-46,0,0,0,0
2199,DO39363,1-46,0,0,0,1
2200,DO38903,1-46,0,0,0,0
2201,DO39046,1-46,0,0,0,0
2202,DO39564,1-46,0,0,0,1
2203,DO40735,1-46,0,0,0,0
2204,DO39635,1-46,0,0,0,0
2205,DO40484,1-46,0,0,0,0
2206,DO39020,1-46,0,0,0,0
2207,DO39022,1-46,0,0,0,0
2208,DO38978,1-46,0,0,0,0
2209,DO38966,1-47,0,0,0,0
2210,DO39910,1-47,0,0,0,0
2211,DO40664,1-47,0,0,0,1
2212,DO38911,1-47,0,0,0,0
2213,DO39127,1-47,0,0,0,0
2214,DO39072,1-47,0,0,0,0
2215,DO39956,1-47,0,0,0,0
2216,DO39070,1-47,0,0,0,2
2217,DO219585,1-47,0,0,0,2
2218,DO48065,1-47,0,0,0,0
2219,DO39062,1-47,0,0,0,0
2220,DO48159,1-47,0,0,0,0
2221,DO39210,1-47,0,0,0,1
2222,DO39306,1-47,0,0,0,1
2223,DO39684,1-47,0,0,0,1
2224,DO39841,1-47,0,0,0,0
2225,DO39084,1-47,0,0,0,0
2226,DO48103,1-47,0,0,0,0
2227,DO40759,1-47,0,0,0,0
2228,DO40147,1-47,0,0,0,0
2229,DO40405,1-47,0,0,0,2
2230,DO40193,1-47,0,0,0,0
2231,DO39886,1-47,0,0,0,1
2232,DO40496,1-47,0,0,0,1
2233,DO39016,1-47,0,0,0,1
2234,DO39481,1-47,0,0,0,1
2235,DO40069,1-47,0,0,0,1
2236,DO40167,1-47,0,0,0,1
2237,DO38899,1-47,0,0,0,1
2238,DO48084,1-47,0,0,0,0
2239,DO39534,1-47,0,0,0,0
2240,DO40274,1-47,0,0,0,0
2241,DO38946,1-47,0,0,0,1
2242,DO39847,1-47,0,0,0,0
2243,DO39798,1-47,0,0,0,1
2244,DO39610,1-47,0,0,0,0
2245,DO39216,1-47,0,0,0,0
2246,DO39363,1-47,0,0,0,0
2247,DO38903,1-47,0,0,0,0
2248,DO39046,1-47,0,0,0,0
2249,DO39564,1-47,0,0,0,0
2250,DO40735,1-47,0,0,0,0
2251,DO39635,1-47,0,0,0,0
2252,DO40484,1-47,0,0,0,0
2253,DO39020,1-47,0,0,0,1
2254,DO39022,1-47,0,0,0,0
2255,DO38978,1-47,0,0,0,0
2256,DO38966,1-48,0,0,0,0
2257,DO39910,1-48,0,0,0,0
2258,DO40664,1-48,0,0,0,1
2259,DO38911,1-48,0,0,0,0
2260,DO39127,1-48,0,0,0,0
2261,DO39072,1-48,0,0,0,1
2262,DO39956,1-48,0,0,0,0
2263,DO39070,1-48,0,0,0,0
2264,DO219585,1-48,0,0,0,0
2265,DO48065,1-48,0,0,0,0
2266,DO39062,1-48,0,0,0,0
2267,DO48159,1-48,0,0,0,1
2268,DO39210,1-48,0,0,0,1
2269,DO39306,1-48,0,0,0,1
2270,DO39684,1-48,0,0,0,0
2271,DO39841,1-48,0,0,0,0
2272,DO39084,1-48,0,0,0,1
2273,DO48103,1-48,0,0,0,2
2274,DO40759,1-48,0,0,0,2
2275,DO40147,1-48,0,0,0,0
2276,DO40405,1-48,0,0,0,0
2277,DO40193,1-48,0,0,0,0
2278,DO39886,1-48,0,0,0,3
2279,DO40496,1-48,0,0,0,0
2280,DO39016,1-48,0,0,0,2
2281,DO39481,1-48,0,0,0,0
2282,DO40069,1-48,0,0,0,1
2283,DO40167,1-48,0,0,0,0
2284,DO38899,1-48,0,0,0,0
2285,DO48084,1-48,0,0,0,0
2286,DO39534,1-48,0,0,0,0
2287,DO40274,1-48,0,0,0,0
2288,DO38946,1-48,0,0,0,0
2289,DO39847,1-48,0,0,0,1
2290,DO39798,1-48,0,0,0,1
2291,DO39610,1-48,0,0,0,1
2292,DO39216,1-48,0,0,0,0
2293,DO39363,1-48,0,0,0,2
2294,DO38903,1-48,0,0,0,0
2295,DO39046,1-48,0,0,0,0
2296,DO39564,1-48,0,0,0,0
2297,DO40735,1-48,0,0,0,0
2298,DO39635,1-48,0,0,0,0
2299,DO40484,1-48,0,0,0,0
2300,DO39020,1-48,0,0,0,1
2301,DO39022,1-48,0,0,0,0
2302,DO38978,1-48,0,0,0,3
2303,DO38966,1-49,0,0,0,1
2304,DO39910,1-49,0,0,0,0
2305,DO40664,1-49,0,0,0,0
2306,DO38911,1-49,0,0,0,0
2307,DO39127,1-49,0,0,0,0
2308,DO39072,1-49,0,0,0,0
2309,DO39956,1-49,0,0,0,1
2310,DO39070,1-49,0,0,0,0
2311,DO219585,1-49,0,0,0,2
2312,DO48065,1-49,0,0,0,1
2313,DO39062,1-49,0,0,0,0
2314,DO48159,1-49,0,0,0,2
2315,DO39210,1-49,0,0,0,0
2316,DO39306,1-49,0,0,0,0
2317,DO39684,1-49,0,0,0,0
2318,DO39841,1-49,0,0,0,0
2319,DO39084,1-49,0,0,0,1
2320,DO48103,1-49,0,0,0,1
2321,DO40759,1-49,0,0,0,1
2322,DO40147,1-49,0,0,0,0
2323,DO40405,1-49,0,0,0,0
2324,DO40193,1-49,0,0,0,1
2325,DO39886,1-49,0,0,0,1
2326,DO40496,1-49,0,0,0,0
2327,DO39016,1-49,0,0,0,0
2328,DO39481,1-49,0,0,0,0
2329,DO40069,1-49,0,0,0,0
2330,DO40167,1-49,0,0,0,0
2331,DO38899,1-49,0,0,0,2
2332,DO48084,1-49,0,0,0,0
2333,DO39534,1-49,0,0,0,0
2334,DO40274,1-49,0,0,0,1
2335,DO38946,1-49,0,0,0,0
2336,DO39847,1-49,0,0,0,0
2337,DO39798,1-49,0,0,0,0
2338,DO39610,1-49,0,0,0,2
2339,DO39216,1-49,0,0,0,1
2340,DO39363,1-49,0,0,0,3
2341,DO38903,1-49,0,0,0,0
2342,DO39046,1-49,0,0,0,1
2343,DO39564,1-49,0,0,0,0
2344,DO40735,1-49,0,0,0,0
2345,DO39635,1-49,0,0,0,1
2346,DO40484,1-49,0,0,0,2
2347,DO39020,1-49,0,0,0,2
2348,DO39022,1-49,0,0,0,1
2349,DO38978,1-49,0,0,0,3
